{
  "integrations": [
    {
      "id": "1776ffc8-6f6a-429e-bbff-e510060396e5",
      "name": "Security Incident Alert - Accept",
      "action": "RUN_SCRIPT",
      "type": "OUTBOUND_WEBHOOK",
      "triggeredBy": "RESPONSE",
      "deployed": true,
      "environment": "HOSTED",
      "authType": "NONE",
      "createdBy": "FLOW"
    },
    {
      "id": "ebe10e8a-4cbc-4de1-9bfb-6542672b17fd",
      "name": "Security Incident Alert - Alert Comments",
      "action": "RUN_SCRIPT",
      "type": "OUTBOUND_WEBHOOK",
      "triggeredBy": "ANNOTATION",
      "deployed": true,
      "environment": "HOSTED",
      "authType": "NONE",
      "createdBy": "FLOW"
    },
    {
      "id": "9c709fe0-e34e-4e4f-a50c-2d5f899ca30e",
      "name": "Security Incident Alert - Device Delivery Updates",
      "action": "RUN_SCRIPT",
      "type": "OUTBOUND_WEBHOOK",
      "triggeredBy": "DELIVERYSTATUS",
      "deployed": true,
      "environment": "HOSTED",
      "authType": "NONE",
      "createdBy": "FLOW"
    },
    {
      "id": "063f38db-d96a-48dd-bbd8-55d11ce84b83",
      "name": "Security Incident Alert - Escalate",
      "action": "RUN_SCRIPT",
      "type": "OUTBOUND_WEBHOOK",
      "triggeredBy": "RESPONSE",
      "deployed": true,
      "environment": "HOSTED",
      "authType": "NONE",
      "createdBy": "FLOW"
    },
    {
      "id": "2a6dd916-a3f8-4d7e-b193-569e9c5cf075",
      "name": "Security Incident Alert Group Change - Accept",
      "action": "RUN_SCRIPT",
      "type": "OUTBOUND_WEBHOOK",
      "triggeredBy": "RESPONSE",
      "deployed": true,
      "environment": "HOSTED",
      "authType": "NONE",
      "createdBy": "FLOW"
    },
    {
      "id": "01802d3b-1d93-4982-ab5b-af8979bc5cff",
      "name": "Security Incident Alert Group Change - Alert Comments",
      "action": "RUN_SCRIPT",
      "type": "OUTBOUND_WEBHOOK",
      "triggeredBy": "ANNOTATION",
      "deployed": true,
      "environment": "HOSTED",
      "authType": "NONE",
      "createdBy": "FLOW"
    },
    {
      "id": "7dcd96b7-a9c8-4ca2-b927-08215400c05f",
      "name": "Security Incident Alert Group Change - Device Delivery Updates",
      "action": "RUN_SCRIPT",
      "type": "OUTBOUND_WEBHOOK",
      "triggeredBy": "DELIVERYSTATUS",
      "deployed": true,
      "environment": "HOSTED",
      "authType": "NONE",
      "createdBy": "FLOW"
    },
    {
      "id": "4d088360-2511-468f-8ae6-cd09eeaa0fb2",
      "name": "Security Incident Alert Group Change - Escalate",
      "action": "RUN_SCRIPT",
      "type": "OUTBOUND_WEBHOOK",
      "triggeredBy": "RESPONSE",
      "deployed": true,
      "environment": "HOSTED",
      "authType": "NONE",
      "createdBy": "FLOW"
    },
    {
      "id": "13b66ec8-3638-4f7e-8385-cc590284d279",
      "name": "ServiceNow Action Security Incident [sn_si_incident] - 13b66ec8-3638-4f7e-8385-cc590284d279",
      "action": "RUN_SCRIPT",
      "type": "INBOUND_WEBHOOK",
      "deployed": true,
      "form": "dccb1fb4-6d29-4c60-a8ed-cb837af2d2fa",
      "environment": "HOSTED",
      "authType": "ANY",
      "createdBy": "FLOW",
      "integrationScriptStepUuid": "200aeb51-c5e6-5e7a-94f5-8875bdd73112"
    },
    {
      "id": "18ee1eaf-d36f-4024-95ac-1ed78934ccdc",
      "name": "ServiceNow Record Alerts Security Incident [sn_si_incident] - 18ee1eaf-d36f-4024-95ac-1ed78934ccdc",
      "action": "RUN_SCRIPT",
      "type": "INBOUND_WEBHOOK",
      "deployed": true,
      "environment": "HOSTED",
      "authType": "ANY",
      "createdBy": "FLOW",
      "integrationScriptStepUuid": "acc4467d-0242-571f-b62c-f0a1e863e4db"
    }
  ],
  "endpoints": [
    {
      "name": "MS Teams",
      "baseUrl": "https://graph.microsoft.com",
      "type": "EXTERNAL",
      "authentication": "OAUTH2_MS_GRAPH",
      "oauthGrantType": "AUTHORIZATION_CODE",
      "oauthAuthorizationUrl": "",
      "oauthTokenUrl": "https://login.microsoftonline.com/common/oauth2/v2.0/token",
      "oauthTokenPrefix": "",
      "oauthScopes": "openid profile offline_access Group.ReadWrite.All OnlineMeetings.ReadWrite ChannelMessage.Read.All Directory.ReadWrite.All",
      "endpointData": "{}"
    },
    {
      "name": "ServiceNow",
      "baseUrl": "https://ven01047.service-now.com/",
      "type": "EXTERNAL",
      "authentication": "SERVICENOW",
      "oauthAuthorizationUrl": "",
      "oauthTokenUrl": "",
      "oauthTokenPrefix": "",
      "oauthScopes": "",
      "endpointData": "{}"
    }
  ],
  "constants": [
    {
      "name": "MS Teams - Team",
      "value": "xM Demo NA",
      "description": ""
    },
    {
      "name": "SNOW Base Incident URL",
      "value": "https://ven01047.service-now.com/nav_to.do?uri=incident.do?sys_id=",
      "description": "just add sys_id"
    },
    {
      "name": "SNOW Change Request Base URL",
      "value": "https://ven01047.service-now.com/nav_to.do?uri=change_request.do?sys_id=",
      "description": ""
    },
    {
      "name": "xMatters xmdemo StatusPage UUID",
      "value": "f9fd8c49-0ecc-4798-9d7b-28b2d5671a00",
      "description": ""
    }
  ]
}