[
  {
    "id": "b521009f-600b-440e-8cd1-79ee145935fe",
    "isActive": true,
    "flowId": "18ee1eaf-d36f-4024-95ac-1ed78934ccdc",
    "workflowId": "5515ead0-7a46-4844-9654-2f707d85a653",
    "orgUuid": "d3a3bd16-bb68-41b5-9953-04c11220d8e0",
    "config": "{\"outputs\": [], \"periodSeconds\": 60, \"floodThreshold\": 4}"
  },
  {
    "id": "1e99a1f2-0dd0-485d-abdf-3a7523f4bec5",
    "isActive": true,
    "flowId": "13b66ec8-3638-4f7e-8385-cc590284d279",
    "workflowId": "5515ead0-7a46-4844-9654-2f707d85a653",
    "orgUuid": "d3a3bd16-bb68-41b5-9953-04c11220d8e0",
    "config": "{\"outputs\": [], \"periodSeconds\": 60, \"floodThreshold\": 4}"
  }
]