[
  {
    "baseType": 21,
    "name": "Change Category",
    "description": "",
    "helpText": "",
    "isSystem": false,
    "values": [
      {
        "value": "Hardware",
        "isDefault": false,
        "isVisible": true
      },
      {
        "value": "Software",
        "isDefault": false,
        "isVisible": true
      },
      {
        "value": "Service",
        "isDefault": false,
        "isVisible": true
      },
      {
        "value": "System Software",
        "isDefault": false,
        "isVisible": true
      },
      {
        "value": "Applications Software",
        "isDefault": false,
        "isVisible": true
      },
      {
        "value": "Network",
        "isDefault": false,
        "isVisible": true
      },
      {
        "value": "Telecom",
        "isDefault": false,
        "isVisible": true
      },
      {
        "value": "Documentation",
        "isDefault": false,
        "isVisible": true
      },
      {
        "value": "Other",
        "isDefault": true,
        "isVisible": true
      },
      {
        "value": "DevOps",
        "isDefault": false,
        "isVisible": true
      }
    ],
    "uuid": "9ad19008-3938-4eee-849e-c95fa8a662a9"
  },
  {
    "baseType": 21,
    "name": "Change Configuration Item",
    "description": "",
    "helpText": "",
    "isSystem": false,
    "values": [
      {
        "value": "Order Service",
        "isDefault": true,
        "isVisible": true
      },
      {
        "value": "AvantGo",
        "isDefault": false,
        "isVisible": true
      },
      {
        "value": "CafeKeeper",
        "isDefault": false,
        "isVisible": true
      },
      {
        "value": "CardScan",
        "isDefault": false,
        "isVisible": true
      },
      {
        "value": "DriveSpeed",
        "isDefault": false,
        "isVisible": true
      }
    ],
    "uuid": "545684a2-948a-455c-80ad-12117fdd9e56"
  },
  {
    "baseType": 3,
    "name": "Change Description",
    "defaultValue": "Performance Optimization for Order Service Service Database Queries. This change aims to optimize database query performance for the Order Service Service by implementing indexed queries and connection pooling enhancements. Current query response times exceed 3 seconds during peak load, causing order processing delays.",
    "description": "",
    "helpText": "",
    "isSystem": false,
    "minLength": 0,
    "maxLength": 1000,
    "validationRegex": "",
    "isValidate": false,
    "uuid": "36f4e293-93f2-42cc-ae86-3e54f9531798"
  },
  {
    "baseType": 21,
    "name": "Change Impact",
    "description": "",
    "helpText": "",
    "isSystem": false,
    "values": [
      {
        "value": "1 - High",
        "isDefault": true,
        "isVisible": true
      },
      {
        "value": "2 - Medium",
        "isDefault": false,
        "isVisible": true
      },
      {
        "value": "3 - Low",
        "isDefault": false,
        "isVisible": true
      }
    ],
    "uuid": "66354a6e-4cde-4eef-9dfe-ecd1b4589963"
  },
  {
    "baseType": 21,
    "name": "Change Priority",
    "description": "",
    "helpText": "",
    "isSystem": false,
    "values": [
      {
        "value": "1 - Critical",
        "isDefault": true,
        "isVisible": true
      },
      {
        "value": "2 - High",
        "isDefault": false,
        "isVisible": true
      },
      {
        "value": "3 - Moderate",
        "isDefault": false,
        "isVisible": true
      },
      {
        "value": "4 - Low",
        "isDefault": false,
        "isVisible": true
      }
    ],
    "uuid": "8ea38698-4f3f-4231-a79c-6cc964f9d704"
  },
  {
    "baseType": 21,
    "name": "Change Risk",
    "description": "",
    "helpText": "",
    "isSystem": false,
    "values": [
      {
        "value": "High",
        "isDefault": true,
        "isVisible": true
      },
      {
        "value": "Moderate",
        "isDefault": false,
        "isVisible": true
      },
      {
        "value": "Low",
        "isDefault": false,
        "isVisible": true
      }
    ],
    "uuid": "866b5182-0db0-4995-acea-b6c1ab8f7569"
  },
  {
    "baseType": 21,
    "name": "Change Service",
    "description": "",
    "helpText": "",
    "isSystem": false,
    "values": [
      {
        "value": "Order Service",
        "isDefault": true,
        "isVisible": true
      },
      {
        "value": "IT Services",
        "isDefault": false,
        "isVisible": true
      },
      {
        "value": "PeopleSoft CRM",
        "isDefault": false,
        "isVisible": true
      },
      {
        "value": "SAP Payroll",
        "isDefault": false,
        "isVisible": true
      },
      {
        "value": "Windows Mobile",
        "isDefault": false,
        "isVisible": true
      }
    ],
    "uuid": "aa7f6903-7c5a-451d-97c8-6f681044c4a4"
  },
  {
    "baseType": 3,
    "name": "Change Short Description",
    "defaultValue": "Implement performance optimization for Order Service Service database queries",
    "description": "",
    "helpText": "",
    "isSystem": false,
    "minLength": 0,
    "maxLength": 1000,
    "validationRegex": "",
    "isValidate": false,
    "uuid": "1537c622-af31-497d-b5f6-17aae4ebf727"
  },
  {
    "baseType": 21,
    "name": "Cluster Name",
    "description": "",
    "helpText": "",
    "isSystem": false,
    "values": [
      {
        "value": "Production",
        "isDefault": true,
        "isVisible": true
      },
      {
        "value": "Test",
        "isDefault": false,
        "isVisible": true
      },
      {
        "value": "Development",
        "isDefault": false,
        "isVisible": true
      }
    ],
    "uuid": "f33a6084-1f58-4a7b-9f2c-54a26bb9a6f4"
  },
  {
    "baseType": 22,
    "name": "Indices",
    "description": "",
    "helpText": "",
    "isSystem": false,
    "values": [
      {
        "value": "Orders",
        "isDefault": true,
        "isVisible": true
      },
      {
        "value": "Inventory",
        "isDefault": false,
        "isVisible": true
      }
    ],
    "uuid": "857ed7fb-420e-4278-a03d-1bf9cacac1eb"
  },
  {
    "baseType": 3,
    "name": "Message",
    "defaultValue": "",
    "description": "Sets the message of the xMatters alert.",
    "helpText": "Enter a message for the xMatters alert.",
    "isSystem": false,
    "minLength": 0,
    "maxLength": 20000,
    "validationRegex": "",
    "isValidate": false,
    "uuid": "3692adcd-d679-43ee-8da2-892e116787e7"
  },
  {
    "baseType": 21,
    "name": "Service",
    "description": "",
    "helpText": "",
    "isSystem": false,
    "values": [
      {
        "value": "Order Service",
        "isDefault": true,
        "isVisible": true
      },
      {
        "value": "User Service",
        "isDefault": false,
        "isVisible": true
      },
      {
        "value": "Web App",
        "isDefault": false,
        "isVisible": true
      }
    ],
    "uuid": "884740d2-bcdc-45d9-a626-6eddfdf81b42"
  },
  {
    "baseType": 3,
    "name": "StatusPage update",
    "defaultValue": "The Incident Response team has identified the source of the issue and is working on a fix. We will update once a solution has been identified and implemented.",
    "description": "",
    "helpText": "",
    "isSystem": false,
    "minLength": 0,
    "maxLength": 20000,
    "validationRegex": "",
    "isValidate": false,
    "uuid": "2a8a44ab-169d-453f-8f58-5225a4d3e3b5"
  },
  {
    "baseType": 3,
    "name": "Subject",
    "defaultValue": "",
    "description": "Sets the subject of the xMatters alert.",
    "helpText": "Enter a subject for the xMatters alert.",
    "isSystem": false,
    "minLength": 0,
    "maxLength": 2000,
    "validationRegex": "",
    "isValidate": false,
    "uuid": "c6a800d7-b9cf-40af-9e28-2e1331a80b00"
  },
  {
    "baseType": 21,
    "name": "Task Priority",
    "description": "Set the priority of the ServiceNow task.",
    "helpText": "Select a ServiceNow task priority",
    "isSystem": false,
    "values": [
      {
        "value": "1 - Critical",
        "isDefault": false,
        "isVisible": true
      },
      {
        "value": "2 - High",
        "isDefault": false,
        "isVisible": true
      },
      {
        "value": "3 - Moderate",
        "isDefault": true,
        "isVisible": true
      },
      {
        "value": "4 - Low",
        "isDefault": false,
        "isVisible": true
      },
      {
        "value": "5 - Planning",
        "isDefault": false,
        "isVisible": true
      }
    ],
    "uuid": "6538c62a-84b1-4b3c-b307-d646561bc53b"
  }
]