{
  "name": "Security Incidents",
  "description": "",
  "blocks": [
    {
      "id": "d6037fa0-113f-4050-8cb3-bea8de949b07",
      "endpoint": "ServiceNow",
      "label": "Add Comment",
      "environment": "HOSTED",
      "presentation": "{\"w\":100,\"x\":846,\"h\":50,\"y\":-579}",
      "step": "665a0a87-4281-5b61-a68e-86d226577aad",
      "stepType": "SCRIPT_STEP",
      "inputMappings": [
        {
          "inputPort": "input",
          "mapping": "sn_si_incident",
          "stepInput": "a5d45d61-6f2d-5561-bd2c-b2d8f31f0e2f"
        },
        {
          "inputPort": "input",
          "mapping": "${cd55523c-f7f4-4e13-8ba9-17b0256c192f.Record ID}",
          "stepInput": "5204e1a9-205e-5d2e-ac57-868ae8d0cd65"
        },
        {
          "inputPort": "input",
          "mapping": "true",
          "stepInput": "9fdc2c12-97de-5da9-8f6c-ba5e72918b93"
        },
        {
          "inputPort": "input",
          "mapping": "Notification to ${65e1702f-3f13-47c7-9dee-236e176fe6fe.notification.recipient.owner.firstName} ${65e1702f-3f13-47c7-9dee-236e176fe6fe.notification.recipient.owner.lastName} (${65e1702f-3f13-47c7-9dee-236e176fe6fe.notification.recipient.owner.targetName}) on device '${65e1702f-3f13-47c7-9dee-236e176fe6fe.notification.recipient.targetName}' status: ${65e1702f-3f13-47c7-9dee-236e176fe6fe.notification.deliveryStatus}",
          "stepInput": "8f20560c-148e-5431-abfe-bc948a577da9"
        }
      ]
    },
    {
      "id": "eb3bd946-ac65-442c-970d-a9438333df99",
      "endpoint": "ServiceNow",
      "label": "Add Comment",
      "environment": "HOSTED",
      "presentation": "{\"w\":100,\"x\":849,\"h\":50,\"y\":126}",
      "step": "665a0a87-4281-5b61-a68e-86d226577aad",
      "stepType": "SCRIPT_STEP",
      "inputMappings": [
        {
          "inputPort": "input",
          "mapping": "sn_si_incident",
          "stepInput": "a5d45d61-6f2d-5561-bd2c-b2d8f31f0e2f"
        },
        {
          "inputPort": "input",
          "mapping": "${cd55523c-f7f4-4e13-8ba9-17b0256c192f.Record ID}",
          "stepInput": "5204e1a9-205e-5d2e-ac57-868ae8d0cd65"
        },
        {
          "inputPort": "input",
          "mapping": "true",
          "stepInput": "9fdc2c12-97de-5da9-8f6c-ba5e72918b93"
        },
        {
          "inputPort": "input",
          "mapping": "${65e1702f-3f13-47c7-9dee-236e176fe6fe.annotation.author.firstName} ${65e1702f-3f13-47c7-9dee-236e176fe6fe.annotation.author.lastName} added a comment: ${65e1702f-3f13-47c7-9dee-236e176fe6fe.annotation.comment}",
          "stepInput": "8f20560c-148e-5431-abfe-bc948a577da9"
        }
      ]
    },
    {
      "id": "0c276497-4864-4cf7-b8ca-36bbfeb75b08",
      "endpoint": "ServiceNow",
      "label": "Add Comment",
      "environment": "HOSTED",
      "presentation": "{\"w\":100,\"x\":898,\"h\":50,\"y\":694}",
      "step": "665a0a87-4281-5b61-a68e-86d226577aad",
      "stepType": "SCRIPT_STEP",
      "inputMappings": [
        {
          "inputPort": "input",
          "mapping": "sn_si_incident",
          "stepInput": "a5d45d61-6f2d-5561-bd2c-b2d8f31f0e2f"
        },
        {
          "inputPort": "input",
          "mapping": "${cd55523c-f7f4-4e13-8ba9-17b0256c192f.Record ID}",
          "stepInput": "5204e1a9-205e-5d2e-ac57-868ae8d0cd65"
        },
        {
          "inputPort": "input",
          "mapping": "true",
          "stepInput": "9fdc2c12-97de-5da9-8f6c-ba5e72918b93"
        },
        {
          "inputPort": "input",
          "mapping": "Notification to ${78335df4-9a61-476e-8cae-e97d580ce5f9.notification.recipient.owner.firstName} ${78335df4-9a61-476e-8cae-e97d580ce5f9.notification.recipient.owner.lastName} (${78335df4-9a61-476e-8cae-e97d580ce5f9.notification.recipient.owner.targetName}) on device '${78335df4-9a61-476e-8cae-e97d580ce5f9.notification.recipient.targetName}' status: ${78335df4-9a61-476e-8cae-e97d580ce5f9.notification.deliveryStatus}",
          "stepInput": "8f20560c-148e-5431-abfe-bc948a577da9"
        }
      ]
    },
    {
      "id": "6dc54533-e300-476a-80c2-b043b98a7c5a",
      "endpoint": "ServiceNow",
      "label": "Add Comment",
      "environment": "HOSTED",
      "presentation": "{\"w\":100,\"x\":868,\"h\":50,\"y\":1401}",
      "step": "665a0a87-4281-5b61-a68e-86d226577aad",
      "stepType": "SCRIPT_STEP",
      "inputMappings": [
        {
          "inputPort": "input",
          "mapping": "sn_si_incident",
          "stepInput": "a5d45d61-6f2d-5561-bd2c-b2d8f31f0e2f"
        },
        {
          "inputPort": "input",
          "mapping": "${cd55523c-f7f4-4e13-8ba9-17b0256c192f.Record ID}",
          "stepInput": "5204e1a9-205e-5d2e-ac57-868ae8d0cd65"
        },
        {
          "inputPort": "input",
          "mapping": "true",
          "stepInput": "9fdc2c12-97de-5da9-8f6c-ba5e72918b93"
        },
        {
          "inputPort": "input",
          "mapping": "${78335df4-9a61-476e-8cae-e97d580ce5f9.annotation.author.firstName} ${78335df4-9a61-476e-8cae-e97d580ce5f9.annotation.author.lastName} added a comment: ${78335df4-9a61-476e-8cae-e97d580ce5f9.annotation.comment}",
          "stepInput": "8f20560c-148e-5431-abfe-bc948a577da9"
        }
      ]
    },
    {
      "id": "9404f746-f970-4f38-bd48-717a3cc92f8b",
      "label": "Condition",
      "environment": "HOSTED",
      "presentation": "{\"w\":100,\"x\":220,\"h\":50,\"y\":40}",
      "step": "2fd417b7-e709-5b91-ab83-4fbd9e7f8273",
      "stepType": "SCRIPT_STEP",
      "conditionPaths": [
        {
          "id": "02a60979-bf4a-4493-be4e-b898650f8cc2",
          "name": "Assignment Change",
          "orderNum": 1,
          "config": "{\"sets\": [], \"version\": 1, \"connector\": \"AND\", \"conditions\": [{\"id\": \"a3296309-2a52-438c-9f95-049f6415cd91\", \"left\": \"${cd55523c-f7f4-4e13-8ba9-17b0256c192f.Assignment group - Previous }\", \"right\": \"${cd55523c-f7f4-4e13-8ba9-17b0256c192f.Assignment group}\", \"operator\": \"NOT_EQUALS\"}]}"
        },
        {
          "id": "2f7018b3-b967-4387-b396-bdd9a12726fc",
          "name": "State Change",
          "orderNum": 2,
          "config": "{\"sets\": [], \"version\": 1, \"connector\": \"AND\", \"conditions\": [{\"id\": \"49f705ed-bbbf-43be-81c0-2374210a3451\", \"left\": \"${cd55523c-f7f4-4e13-8ba9-17b0256c192f.State - Previous }\", \"right\": \"${cd55523c-f7f4-4e13-8ba9-17b0256c192f.State}\", \"operator\": \"NOT_EQUALS\"}]}"
        }
      ]
    },
    {
      "id": "c92c1247-bab5-4e80-bb9a-2541a7da0df8",
      "label": "Condition",
      "environment": "HOSTED",
      "presentation": "{\"w\":100,\"x\":458,\"h\":50,\"y\":342}",
      "step": "2fd417b7-e709-5b91-ab83-4fbd9e7f8273",
      "stepType": "SCRIPT_STEP",
      "conditionPaths": [
        {
          "id": "804199a1-3b8a-4077-865c-7866ca51eadd",
          "name": "State is Draft",
          "orderNum": 1,
          "config": "{\"sets\": [], \"version\": 1, \"connector\": \"AND\", \"conditions\": [{\"id\": \"d87abe02-6c11-41f5-91f1-2beba420f9a4\", \"left\": \"${cd55523c-f7f4-4e13-8ba9-17b0256c192f.State}\", \"right\": \"Draft\", \"operator\": \"EQUALS\"}]}"
        }
      ]
    },
    {
      "id": "78335df4-9a61-476e-8cae-e97d580ce5f9",
      "label": "Security Incident Alert",
      "environment": "HOSTED",
      "presentation": "{\"w\":100,\"x\":678,\"h\":50,\"y\":493}",
      "stepType": "CREATE_ALERT",
      "inputMappings": [
        {
          "inputPort": "input",
          "mapping": "[{\"language\":\"en\",\"text\":\"${cd55523c-f7f4-4e13-8ba9-17b0256c192f.Number} - ${cd55523c-f7f4-4e13-8ba9-17b0256c192f.Short description} - Please help\"}]",
          "builtInInputId": "8fccda00-5665-53aa-90a0-267d4b796a99"
        },
        {
          "inputPort": "input",
          "mapping": "60",
          "builtInInputId": "ceffae29-cef3-5488-b9d1-f845c558f8a4"
        },
        {
          "inputPort": "input",
          "mapping": "false",
          "builtInInputId": "0eeeaf31-fd99-5ada-aaf5-9b4ca198cce6"
        },
        {
          "inputPort": "input",
          "mapping": "false",
          "builtInInputId": "60992193-3b95-5b4e-adfd-244d5e834d67"
        },
        {
          "inputPort": "input",
          "mapping": "0",
          "builtInInputId": "8298a407-9069-5331-8dee-219cdb1b4868"
        },
        {
          "inputPort": "input",
          "mapping": "false",
          "builtInInputId": "7ec1fde7-1816-5b50-968f-c3eafa529f62"
        },
        {
          "inputPort": "input",
          "mapping": "180",
          "builtInInputId": "8ff01cd9-6a5f-5ec3-9c46-a40b892b890e"
        },
        {
          "inputPort": "input",
          "mapping": "Medium",
          "builtInInputId": "3f50d6a7-0fc9-59a1-bd97-8eb19db317bd"
        },
        {
          "inputPort": "input",
          "mapping": "{\"DELIVERYSTATUS\":{\"triggerType\":\"DELIVERYSTATUS\",\"triggerBlockId\":\"a6050298-f183-4bed-9b21-9f59bde94521\",\"hidden\":false,\"position\":0},\"RESPONSE\":{\"triggerType\":\"RESPONSE\",\"triggerBlockId\":\"fc3fa677-612b-4e4e-948a-a0f179390fdb\",\"hidden\":false,\"position\":1},\"ANNOTATION\":{\"triggerType\":\"ANNOTATION\",\"triggerBlockId\":\"12213e66-00ad-4e74-95c2-66d70bb59b76\",\"hidden\":false,\"position\":2}}",
          "builtInInputId": "d5f190c2-4549-5f07-b14d-d51d641cf1e6"
        },
        {
          "inputPort": "input",
          "mapping": "[{\"language\":\"en\",\"subject\":\"Security Incident ${cd55523c-f7f4-4e13-8ba9-17b0256c192f.Number} - ${cd55523c-f7f4-4e13-8ba9-17b0256c192f.Short description}\",\"body\":\"\\n    <head><style id=\\\"xm-froala-base-styles\\\">\\n      /* Base Froala Styles Begin */\\n      table {\\n        border: 1px solid #ccc;\\n        border-bottom: none;\\n    }\\n    table th,\\n    table td {\\n        border: solid #ccc;\\n        border-width: 0 0 1px 0;\\n    }\\n\\n    \\n    table.xm-table-internal-borders {\\n      border: none;\\n    }\\n    table.xm-table-internal-borders th,\\n    table.xm-table-internal-borders td {\\n      border-width: 1px;\\n    }\\n    \\n    \\n    table {\\n      border-collapse: collapse;\\n    }\\n\\n\\n\\n.fr-clearfix::after{clear:both;display:block;content:\\\"\\\";height:0}.fr-hide-by-clipping{position:absolute;width:1px;height:1px;padding:0;margin:-1px;overflow:hidden;clip:rect(0, 0, 0, 0);border:0}img.fr-rounded,.fr-img-caption.fr-rounded img{border-radius:10px;-moz-border-radius:10px;-webkit-border-radius:10px;-moz-background-clip:padding;-webkit-background-clip:padding-box;background-clip:padding-box}img.fr-shadow,.fr-img-caption.fr-shadow img{-webkit-box-shadow:10px 10px 5px 0px #cccccc;-moz-box-shadow:10px 10px 5px 0px #cccccc;box-shadow:10px 10px 5px 0px #cccccc}img.fr-bordered,.fr-img-caption.fr-bordered img{border:solid 5px #CCC}img.fr-bordered{-webkit-box-sizing:content-box;-moz-box-sizing:content-box;box-sizing:content-box}.fr-img-caption.fr-bordered img{-webkit-box-sizing:border-box;-moz-box-sizing:border-box;box-sizing:border-box}li img.fr-dii.fr-fil{margin-right:20px}.fr-view{word-wrap:break-word}span[style~=\\\"color:\\\"] a{color:inherit}strong{font-weight:700}table[border='0'] td:not([class]),table[border='0'] th:not([class]),table[border='0'] td[class=\\\"\\\"],table[border='0'] th[class=\\\"\\\"]{border-width:0px}table{border:none;border-collapse:collapse;empty-cells:show;max-width:100%}table td{min-width:5px}table.fr-dashed-borders td,table.fr-dashed-borders th{border-style:dashed}table.fr-alternate-rows tbody tr:nth-child(2n){background:whitesmoke}table td,table th{border:1px solid #DDD}table td:empty,table th:empty{height:20px}table td.fr-highlighted,table th.fr-highlighted{border:1px double red}table td.fr-thick,table th.fr-thick{border-width:2px}table th{background:#ececec}table tfoot td{background:#ececec}hr{clear:both;user-select:none;-o-user-select:none;-moz-user-select:none;-khtml-user-select:none;-webkit-user-select:none;-ms-user-select:none;break-after:always;page-break-after:always}.fr-file{position:relative}.fr-file::after{position:relative;content:\\\"\\\\1F4CE\\\";font-weight:normal}pre{white-space:pre-wrap;word-wrap:break-word;overflow:visible}.fr-view[dir=\\\"rtl\\\"] blockquote{border-left:none;border-right:solid 2px #5E35B1;margin-right:0;padding-right:5px;padding-left:0}.fr-view[dir=\\\"rtl\\\"] blockquote blockquote{border-color:#00BCD4}.fr-view[dir=\\\"rtl\\\"] blockquote blockquote blockquote{border-color:#43A047}blockquote{border-left:solid 2px #5E35B1;margin-left:0;padding-left:5px;color:#5E35B1}blockquote blockquote{border-color:#00BCD4;color:#00BCD4}blockquote blockquote blockquote{border-color:#43A047;color:#43A047}span.fr-emoticon{font-weight:normal;font-family:\\\"Apple Color Emoji\\\",\\\"Segoe UI Emoji\\\",\\\"NotoColorEmoji\\\",\\\"Segoe UI Symbol\\\",\\\"Android Emoji\\\",\\\"EmojiSymbols\\\";display:inline;line-height:0}span.fr-emoticon.fr-emoticon-img{background-repeat:no-repeat !important;font-size:inherit;height:1em;width:1em;min-height:20px;min-width:20px;display:inline-block;margin:-.1em .1em .1em;line-height:1;vertical-align:middle}.fr-text-gray{color:#AAA !important}.fr-text-bordered{border-top:solid 1px #222;border-bottom:solid 1px #222;padding:10px 0}.fr-text-spaced{letter-spacing:1px}.fr-text-uppercase{text-transform:uppercase}.fr-class-highlighted{background-color:#ffff00}.fr-class-code{border-color:#cccccc;border-radius:2px;-moz-border-radius:2px;-webkit-border-radius:2px;-moz-background-clip:padding;-webkit-background-clip:padding-box;background-clip:padding-box;background:#f5f5f5;padding:10px;font-family:\\\"Courier New\\\", Courier, monospace}.fr-class-transparency{opacity:0.5}img{position:relative;max-width:100%}img.fr-dib{margin:5px auto;display:block;float:none;vertical-align:top}img.fr-dib.fr-fil{margin-left:0;text-align:left}img.fr-dib.fr-fir{margin-right:0;text-align:right}img.fr-dii{display:inline-block;float:none;vertical-align:bottom;margin-left:5px;margin-right:5px;max-width:calc(100% - (2 * 5px));min-width:10px}img.fr-dii.fr-fil{float:left;margin:5px 5px 5px 0;max-width:calc(100% - 5px);min-width:5px}img.fr-dii.fr-fir{float:right;margin:5px 0 5px 5px;max-width:calc(100% - 5px);min-width:5px}span.fr-img-caption{position:relative;max-width:100%}span.fr-img-caption.fr-dib{margin:5px auto;display:block;float:none;vertical-align:top}span.fr-img-caption.fr-dib.fr-fil{margin-left:0;text-align:left}span.fr-img-caption.fr-dib.fr-fir{margin-right:0;text-align:right}span.fr-img-caption.fr-dii{display:inline-block;float:none;vertical-align:bottom;margin-left:5px;margin-right:5px;max-width:calc(100% - (2 * 5px));min-width:10px}span.fr-img-caption.fr-dii.fr-fil{float:left;margin:5px 5px 5px 0;max-width:calc(100% - 5px);min-width:5px}span.fr-img-caption.fr-dii.fr-fir{float:right;margin:5px 0 5px 5px;max-width:calc(100% - 5px);min-width:5px}.fr-video{text-align:center;position:relative}.fr-video.fr-rv{padding-bottom:56.25%;padding-top:30px;height:0;overflow:hidden}.fr-video.fr-rv>iframe,.fr-video.fr-rv object,.fr-video.fr-rv embed{position:absolute !important;top:0;left:0;width:100%;height:100%}.fr-video>*{-webkit-box-sizing:content-box;-moz-box-sizing:content-box;box-sizing:content-box;max-width:100%;border:none}.fr-video.fr-dvb{display:block;clear:both}.fr-video.fr-dvb.fr-fvl{text-align:left}.fr-video.fr-dvb.fr-fvr{text-align:right}.fr-video.fr-dvi{display:inline-block}.fr-video.fr-dvi.fr-fvl{float:left}.fr-video.fr-dvi.fr-fvr{float:right}a.fr-strong{font-weight:700}a.fr-green{color:green}.fr-img-caption{text-align:center}.fr-img-caption .fr-img-wrap{padding:0;margin:auto;text-align:center;width:100%}.fr-img-caption .fr-img-wrap a{display:block}.fr-img-caption .fr-img-wrap img{display:block;margin:auto;width:100%}.fr-img-caption .fr-img-wrap>span{margin:auto;display:block;padding:5px 5px 10px;font-size:14px;font-weight:initial;-webkit-box-sizing:border-box;-moz-box-sizing:border-box;box-sizing:border-box;-webkit-opacity:0.9;-moz-opacity:0.9;opacity:0.9;-ms-filter:\\\"progid:DXImageTransform.Microsoft.Alpha(Opacity=0)\\\";width:100%;text-align:center}button.fr-rounded,input.fr-rounded,textarea.fr-rounded{border-radius:10px;-moz-border-radius:10px;-webkit-border-radius:10px;-moz-background-clip:padding;-webkit-background-clip:padding-box;background-clip:padding-box}button.fr-large,input.fr-large,textarea.fr-large{font-size:24px}span.fr-img-caption.fr-dii.fr-fil,p img.fr-dii.fr-fil{margin-right:15px}a.fr-view.fr-strong{font-weight:700}a.fr-view.fr-green{color:green}img.fr-view{position:relative;max-width:100%}img.fr-view.fr-dib{margin:5px auto;display:block;float:none;vertical-align:top}img.fr-view.fr-dib.fr-fil{margin-left:0;text-align:left}img.fr-view.fr-dib.fr-fir{margin-right:0;text-align:right}img.fr-view.fr-dii{display:inline-block;float:none;vertical-align:bottom;margin-left:5px;margin-right:5px;max-width:calc(100% - (2 * 5px));min-width:10px}img.fr-view.fr-dii.fr-fil{float:left;margin:5px 5px 5px 0;max-width:calc(100% - 5px);min-width:5px}img.fr-view.fr-dii.fr-fir{float:right;margin:5px 0 5px 5px;max-width:calc(100% - 5px);min-width:5px}span.fr-img-caption.fr-view{position:relative;max-width:100%}span.fr-img-caption.fr-view.fr-dib{margin:5px auto;display:block;float:none;vertical-align:top}span.fr-img-caption.fr-view.fr-dib.fr-fil{margin-left:0;text-align:left}span.fr-img-caption.fr-view.fr-dib.fr-fir{margin-right:0;text-align:right}span.fr-img-caption.fr-view.fr-dii{display:inline-block;float:none;vertical-align:bottom;margin-left:5px;margin-right:5px;max-width:calc(100% - (2 * 5px));min-width:10px}span.fr-img-caption.fr-view.fr-dii.fr-fil{float:left;margin:5px 5px 5px 0;max-width:calc(100% - 5px);min-width:5px}span.fr-img-caption.fr-view.fr-dii.fr-fir{float:right;margin:5px 0 5px 5px;max-width:calc(100% - 5px);min-width:5px}\\n      /* Base Froala Styles End */\\n    </style></head><!-- XM Froala Top Level Wrapper Begin {{{ -->\\n    <div id=\\\"xm-froala-top-level-wrapper\\\" class=\\\"fr-view\\\">\\n    <!-- XM Froala Top Level Wrapper Begin }}} --><div style=\\\"width: 768px; margin-left: auto; margin-right: auto;\\\"><div style=\\\"width: 460px; margin-left: auto; margin-right: auto;\\\"><div style=\\\"width: 100%; margin: auto; text-align: center;\\\"><img src=\\\"https://static.xmatters.com/integrations/servicenow/images/servicenow-3.png\\\" class=\\\"fr-fic fr-dib\\\"></div><div style=\\\"text-align: center; margin: 20px auto;\\\">${person.firstName} ${person.lastName}, <span id=\\\"isPasted\\\" style=\\\"color: rgb(23, 43, 77); font-family: -apple-system, &quot;system-ui&quot;, &quot;Segoe UI&quot;, Roboto, Oxygen, Ubuntu, &quot;Fira Sans&quot;, &quot;Droid Sans&quot;, &quot;Helvetica Neue&quot;, sans-serif; font-size: 14px; font-style: normal; font-variant-ligatures: normal; font-variant-caps: normal; font-weight: 400; letter-spacing: normal; orphans: 2; text-align: left; text-indent: 0px; text-transform: none; white-space: normal; widows: 2; word-spacing: 0px; -webkit-text-stroke-width: 0px; background-color: rgb(255, 255, 255); text-decoration-thickness: initial; text-decoration-style: initial; text-decoration-color: initial; display: inline !important; float: none;\\\"><span id=\\\"isPasted\\\" style=\\\"color: rgb(23, 43, 77); font-family: -apple-system, &quot;system-ui&quot;, &quot;Segoe UI&quot;, Roboto, Oxygen, Ubuntu, &quot;Fira Sans&quot;, &quot;Droid Sans&quot;, &quot;Helvetica Neue&quot;, sans-serif; font-size: 14px; font-style: normal; font-variant-ligatures: normal; font-variant-caps: normal; font-weight: 400; letter-spacing: normal; orphans: 2; text-align: start; text-indent: 0px; text-transform: none; white-space: normal; widows: 2; word-spacing: 0px; -webkit-text-stroke-width: 0px; background-color: rgb(255, 255, 255); text-decoration-thickness: initial; text-decoration-style: initial; text-decoration-color: initial; display: inline !important; float: none;\\\">you're needed for a ServiceNow Security alert</span></span>:</div><div style=\\\"border: #e4e4e4 1px solid; border-radius: 5px;\\\"><div style=\\\"width: 100%;  display: flex; border-bottom: #e4e4e4 1px solid;\\\"><div style=\\\"width: 50%; text-align: center; display: block; border-right: #e4e4e4 1px solid;\\\"><div style=\\\"margin: auto; text-align: center; display: block; padding: 15px 5px;\\\"><div style=\\\"font-weight: bold;\\\">State</div>${cd55523c-f7f4-4e13-8ba9-17b0256c192f.State}</div></div><div style=\\\"width: 50%; text-align: center; display: block;\\\"><div style=\\\"margin: auto; text-align: center; display: block; padding: 15px 5px;\\\"><div style=\\\"font-weight: bold;\\\">Priority</div>${cd55523c-f7f4-4e13-8ba9-17b0256c192f.Priority}</div></div></div><div style=\\\"padding: 15px 15px; display: block; border-bottom: #e4e4e4 1px solid;\\\"><span style=\\\"font-weight: bold; margin-bottom: 5px;\\\">Subject:</span> ${cd55523c-f7f4-4e13-8ba9-17b0256c192f.Short description}</div><div style=\\\"padding: 15px 15px; display: block; border-bottom: #e4e4e4 1px solid;\\\"><span style=\\\"font-weight: bold; margin-bottom: 5px;\\\">Description:</span> ${cd55523c-f7f4-4e13-8ba9-17b0256c192f.Description}</div><div style=\\\"padding: 15px 15px; display: block; border-bottom: #e4e4e4 1px solid;\\\"><span style=\\\"font-weight: bold; margin-bottom: 5px;\\\">Service:${cd55523c-f7f4-4e13-8ba9-17b0256c192f.Service}</span></div><div style=\\\"padding: 15px 15px; display: block; border-bottom: #e4e4e4 1px solid;\\\"><span style=\\\"font-weight: bold; margin-bottom: 5px;\\\">Assignment Group:</span> ${cd55523c-f7f4-4e13-8ba9-17b0256c192f.Assignment group}</div><div style=\\\"padding: 15px 15px; display: block; border-bottom: #e4e4e4 1px solid;\\\"><span style=\\\"font-weight: bold; margin-bottom: 5px;\\\">Alerting Path:</span> ${person.alertContext}</div><div style=\\\"padding: 15px 15px; display: block;\\\"><div style=\\\"font-weight: bold; margin-bottom: 5px;\\\"><a href=\\\"${cd55523c-f7f4-4e13-8ba9-17b0256c192f.Record URL}\\\" target=\\\"_blank\\\" rel=\\\"noopener noreferrer\\\">View Security incident ${cd55523c-f7f4-4e13-8ba9-17b0256c192f.Number} in ServiceNow</a></div></div></div><!-- the following elements are used for processing. Signal ID is required to look up and terminate events using the Get Events step. --><div style=\\\"display:none;\\\">${cd55523c-f7f4-4e13-8ba9-17b0256c192f.Record ID}</div><div style=\\\"padding-top: 27px; margin-bottom: 20px;\\\"><img style=\\\"width: 195px;\\\" src=\\\"https://static.xmatters.com/integrations/common/images/powered_by_xmatters_color.png\\\" class=\\\"fr-fic fr-dii\\\"></div><div id=\\\"incident-responses\\\"><!--__X_RESPONSE_CHOICES_PLACEHOLDER__--><br></div></div></div><!-- XM Froala Top Level Wrapper End {{{ -->\\n    </div>\\n    <!-- XM Froala Top Level Wrapper End }}} -->\"}]",
          "builtInInputId": "c2a258c9-70f0-5ab9-87a0-f16aac6a4f7e"
        },
        {
          "inputPort": "input",
          "mapping": "[{\"id\":\"${cd55523c-f7f4-4e13-8ba9-17b0256c192f.Recipients}\"},{\"id\":\"${cd55523c-f7f4-4e13-8ba9-17b0256c192f.Assignment group}\"}]",
          "builtInInputId": "c2fa8405-6461-5736-9370-96e1dc04be7c"
        },
        {
          "inputPort": "input",
          "mapping": "callbackonly",
          "builtInInputId": "94bf035f-007b-5da6-996b-d122ff92e7b3"
        },
        {
          "inputPort": "input",
          "mapping": "{\"bridgeTypeSelector\":\"NONE\"}",
          "builtInInputId": "707a5098-300e-50d1-8e70-30f1ec2ad99d"
        },
        {
          "inputPort": "input",
          "mapping": "PICKER",
          "builtInInputId": "9b9bc3ee-7633-57e7-b13e-443db15f6e34"
        },
        {
          "inputPort": "input",
          "mapping": "[\n  {\n    \"action\": \"ASSIGN_TO_USER\",\n    \"allowComments\": true,\n    \"contribution\": \"POSITIVE\",\n    \"description\": \"Accept\",\n    \"joinConference\": false,\n    \"number\": 1.0,\n    \"prompt\": \"Accept\",\n    \"redirectUrl\": \"\",\n    \"text\": \"Accept\",\n    \"id\": \"c8501302-a54a-42c6-ae34-7bb586626f3d\",\n    \"triggerBlockId\": \"1fcf5a29-4fd2-4f5f-bd1f-b5d741157d35\",\n    \"integrationId\": \"1776ffc8-6f6a-429e-bbff-e510060396e5\"\n  },\n  {\n    \"action\": \"ESCALATE\",\n    \"allowComments\": true,\n    \"contribution\": \"NEGATIVE\",\n    \"description\": \"Escalate\",\n    \"joinConference\": false,\n    \"number\": 2.0,\n    \"prompt\": \"Escalate\",\n    \"redirectUrl\": \"\",\n    \"text\": \"Escalate\",\n    \"id\": \"80250d8c-371b-4968-81c6-c9f33241dbc3\",\n    \"triggerBlockId\": \"d54677c0-2f65-4f20-b111-5bb062897d38\",\n    \"integrationId\": \"063f38db-d96a-48dd-bbd8-55d11ce84b83\"\n  }\n]",
          "builtInInputId": "ac190a1d-00b8-5aea-8543-12459dd918a7"
        },
        {
          "inputPort": "input",
          "mapping": "false",
          "builtInInputId": "c4501a77-1058-51d5-9044-7c4f8a39938a"
        },
        {
          "inputPort": "input",
          "mapping": "Android Phone,Android Tablet,iPad,iPhone,SMS Phone,Home Phone,Mobile Phone,Work Phone,Home Email,Work Email,Slack",
          "builtInInputId": "21dbc8d9-0c69-5ff1-99b2-f66986efcb79"
        },
        {
          "inputPort": "input",
          "mapping": "[{\"language\":\"en\",\"steps\":[{\"playback\":\"TTS\",\"phrase\":\"You are needed for a Security Incident\",\"uiBlock\":\"a74ed078-8db8-46cb-9f4e-82d1a072e294\"},{\"playback\":\"TTS\",\"phrase\":\"See your email or xMatters app for additional detail\",\"uiBlock\":\"b0f0dc4e-33fe-42ae-9545-d5b9dc464896\"}]}]",
          "builtInInputId": "1e0aae21-0ac6-5683-a162-36fa1f8a895c"
        }
      ]
    },
    {
      "id": "1fcf5a29-4fd2-4f5f-bd1f-b5d741157d35",
      "label": "Security Incident Alert - Accept",
      "environment": "HOSTED",
      "presentation": "{\"w\":100,\"h\":50}",
      "step": "1776ffc8-6f6a-429e-bbff-e510060396e5",
      "stepType": "INTEGRATION",
      "groupingBlockId": "78335df4-9a61-476e-8cae-e97d580ce5f9"
    },
    {
      "id": "12213e66-00ad-4e74-95c2-66d70bb59b76",
      "label": "Security Incident Alert - Alert Comments",
      "environment": "HOSTED",
      "presentation": "{\"w\":100,\"h\":50}",
      "step": "ebe10e8a-4cbc-4de1-9bfb-6542672b17fd",
      "stepType": "INTEGRATION",
      "groupingBlockId": "78335df4-9a61-476e-8cae-e97d580ce5f9"
    },
    {
      "id": "a6050298-f183-4bed-9b21-9f59bde94521",
      "label": "Security Incident Alert - Device Delivery Updates",
      "environment": "HOSTED",
      "presentation": "{\"w\":100,\"h\":50}",
      "step": "9c709fe0-e34e-4e4f-a50c-2d5f899ca30e",
      "stepType": "INTEGRATION",
      "groupingBlockId": "78335df4-9a61-476e-8cae-e97d580ce5f9"
    },
    {
      "id": "d54677c0-2f65-4f20-b111-5bb062897d38",
      "label": "Security Incident Alert - Escalate",
      "environment": "HOSTED",
      "presentation": "{\"w\":100,\"h\":50}",
      "step": "063f38db-d96a-48dd-bbd8-55d11ce84b83",
      "stepType": "INTEGRATION",
      "groupingBlockId": "78335df4-9a61-476e-8cae-e97d580ce5f9"
    },
    {
      "id": "fc3fa677-612b-4e4e-948a-a0f179390fdb",
      "label": "Security Incident Alert - Response",
      "environment": "HOSTED",
      "presentation": "{\"w\":100,\"h\":50}",
      "stepType": "RESPONSES",
      "groupingBlockId": "78335df4-9a61-476e-8cae-e97d580ce5f9"
    },
    {
      "id": "65e1702f-3f13-47c7-9dee-236e176fe6fe",
      "label": "Security Incident Alert Group Change",
      "environment": "HOSTED",
      "presentation": "{\"w\":100,\"x\":676,\"h\":50,\"y\":-785}",
      "stepType": "CREATE_ALERT",
      "inputMappings": [
        {
          "inputPort": "input",
          "mapping": "180",
          "builtInInputId": "8ff01cd9-6a5f-5ec3-9c46-a40b892b890e"
        },
        {
          "inputPort": "input",
          "mapping": "[{\"language\":\"en\",\"subject\":\"Assignment Change Security Incident ${cd55523c-f7f4-4e13-8ba9-17b0256c192f.Number} - ${cd55523c-f7f4-4e13-8ba9-17b0256c192f.Short description}\",\"body\":\"\\n    <head><style id=\\\"xm-froala-base-styles\\\">\\n      /* Base Froala Styles Begin */\\n      table {\\n        border: 1px solid #ccc;\\n        border-bottom: none;\\n    }\\n    table th,\\n    table td {\\n        border: solid #ccc;\\n        border-width: 0 0 1px 0;\\n    }\\n\\n    \\n    table.xm-table-internal-borders {\\n      border: none;\\n    }\\n    table.xm-table-internal-borders th,\\n    table.xm-table-internal-borders td {\\n      border-width: 1px;\\n    }\\n    \\n    \\n    table {\\n      border-collapse: collapse;\\n    }\\n\\n\\n\\n.fr-clearfix::after{clear:both;display:block;content:\\\"\\\";height:0}.fr-hide-by-clipping{position:absolute;width:1px;height:1px;padding:0;margin:-1px;overflow:hidden;clip:rect(0, 0, 0, 0);border:0}img.fr-rounded,.fr-img-caption.fr-rounded img{border-radius:10px;-moz-border-radius:10px;-webkit-border-radius:10px;-moz-background-clip:padding;-webkit-background-clip:padding-box;background-clip:padding-box}img.fr-shadow,.fr-img-caption.fr-shadow img{-webkit-box-shadow:10px 10px 5px 0px #cccccc;-moz-box-shadow:10px 10px 5px 0px #cccccc;box-shadow:10px 10px 5px 0px #cccccc}img.fr-bordered,.fr-img-caption.fr-bordered img{border:solid 5px #CCC}img.fr-bordered{-webkit-box-sizing:content-box;-moz-box-sizing:content-box;box-sizing:content-box}.fr-img-caption.fr-bordered img{-webkit-box-sizing:border-box;-moz-box-sizing:border-box;box-sizing:border-box}li img.fr-dii.fr-fil{margin-right:20px}.fr-view{word-wrap:break-word}span[style~=\\\"color:\\\"] a{color:inherit}strong{font-weight:700}table[border='0'] td:not([class]),table[border='0'] th:not([class]),table[border='0'] td[class=\\\"\\\"],table[border='0'] th[class=\\\"\\\"]{border-width:0px}table{border:none;border-collapse:collapse;empty-cells:show;max-width:100%}table td{min-width:5px}table.fr-dashed-borders td,table.fr-dashed-borders th{border-style:dashed}table.fr-alternate-rows tbody tr:nth-child(2n){background:whitesmoke}table td,table th{border:1px solid #DDD}table td:empty,table th:empty{height:20px}table td.fr-highlighted,table th.fr-highlighted{border:1px double red}table td.fr-thick,table th.fr-thick{border-width:2px}table th{background:#ececec}table tfoot td{background:#ececec}hr{clear:both;user-select:none;-o-user-select:none;-moz-user-select:none;-khtml-user-select:none;-webkit-user-select:none;-ms-user-select:none;break-after:always;page-break-after:always}.fr-file{position:relative}.fr-file::after{position:relative;content:\\\"\\\\1F4CE\\\";font-weight:normal}pre{white-space:pre-wrap;word-wrap:break-word;overflow:visible}.fr-view[dir=\\\"rtl\\\"] blockquote{border-left:none;border-right:solid 2px #5E35B1;margin-right:0;padding-right:5px;padding-left:0}.fr-view[dir=\\\"rtl\\\"] blockquote blockquote{border-color:#00BCD4}.fr-view[dir=\\\"rtl\\\"] blockquote blockquote blockquote{border-color:#43A047}blockquote{border-left:solid 2px #5E35B1;margin-left:0;padding-left:5px;color:#5E35B1}blockquote blockquote{border-color:#00BCD4;color:#00BCD4}blockquote blockquote blockquote{border-color:#43A047;color:#43A047}span.fr-emoticon{font-weight:normal;font-family:\\\"Apple Color Emoji\\\",\\\"Segoe UI Emoji\\\",\\\"NotoColorEmoji\\\",\\\"Segoe UI Symbol\\\",\\\"Android Emoji\\\",\\\"EmojiSymbols\\\";display:inline;line-height:0}span.fr-emoticon.fr-emoticon-img{background-repeat:no-repeat !important;font-size:inherit;height:1em;width:1em;min-height:20px;min-width:20px;display:inline-block;margin:-.1em .1em .1em;line-height:1;vertical-align:middle}.fr-text-gray{color:#AAA !important}.fr-text-bordered{border-top:solid 1px #222;border-bottom:solid 1px #222;padding:10px 0}.fr-text-spaced{letter-spacing:1px}.fr-text-uppercase{text-transform:uppercase}.fr-class-highlighted{background-color:#ffff00}.fr-class-code{border-color:#cccccc;border-radius:2px;-moz-border-radius:2px;-webkit-border-radius:2px;-moz-background-clip:padding;-webkit-background-clip:padding-box;background-clip:padding-box;background:#f5f5f5;padding:10px;font-family:\\\"Courier New\\\", Courier, monospace}.fr-class-transparency{opacity:0.5}img{position:relative;max-width:100%}img.fr-dib{margin:5px auto;display:block;float:none;vertical-align:top}img.fr-dib.fr-fil{margin-left:0;text-align:left}img.fr-dib.fr-fir{margin-right:0;text-align:right}img.fr-dii{display:inline-block;float:none;vertical-align:bottom;margin-left:5px;margin-right:5px;max-width:calc(100% - (2 * 5px));min-width:10px}img.fr-dii.fr-fil{float:left;margin:5px 5px 5px 0;max-width:calc(100% - 5px);min-width:5px}img.fr-dii.fr-fir{float:right;margin:5px 0 5px 5px;max-width:calc(100% - 5px);min-width:5px}span.fr-img-caption{position:relative;max-width:100%}span.fr-img-caption.fr-dib{margin:5px auto;display:block;float:none;vertical-align:top}span.fr-img-caption.fr-dib.fr-fil{margin-left:0;text-align:left}span.fr-img-caption.fr-dib.fr-fir{margin-right:0;text-align:right}span.fr-img-caption.fr-dii{display:inline-block;float:none;vertical-align:bottom;margin-left:5px;margin-right:5px;max-width:calc(100% - (2 * 5px));min-width:10px}span.fr-img-caption.fr-dii.fr-fil{float:left;margin:5px 5px 5px 0;max-width:calc(100% - 5px);min-width:5px}span.fr-img-caption.fr-dii.fr-fir{float:right;margin:5px 0 5px 5px;max-width:calc(100% - 5px);min-width:5px}.fr-video{text-align:center;position:relative}.fr-video.fr-rv{padding-bottom:56.25%;padding-top:30px;height:0;overflow:hidden}.fr-video.fr-rv>iframe,.fr-video.fr-rv object,.fr-video.fr-rv embed{position:absolute !important;top:0;left:0;width:100%;height:100%}.fr-video>*{-webkit-box-sizing:content-box;-moz-box-sizing:content-box;box-sizing:content-box;max-width:100%;border:none}.fr-video.fr-dvb{display:block;clear:both}.fr-video.fr-dvb.fr-fvl{text-align:left}.fr-video.fr-dvb.fr-fvr{text-align:right}.fr-video.fr-dvi{display:inline-block}.fr-video.fr-dvi.fr-fvl{float:left}.fr-video.fr-dvi.fr-fvr{float:right}a.fr-strong{font-weight:700}a.fr-green{color:green}.fr-img-caption{text-align:center}.fr-img-caption .fr-img-wrap{padding:0;margin:auto;text-align:center;width:100%}.fr-img-caption .fr-img-wrap a{display:block}.fr-img-caption .fr-img-wrap img{display:block;margin:auto;width:100%}.fr-img-caption .fr-img-wrap>span{margin:auto;display:block;padding:5px 5px 10px;font-size:14px;font-weight:initial;-webkit-box-sizing:border-box;-moz-box-sizing:border-box;box-sizing:border-box;-webkit-opacity:0.9;-moz-opacity:0.9;opacity:0.9;-ms-filter:\\\"progid:DXImageTransform.Microsoft.Alpha(Opacity=0)\\\";width:100%;text-align:center}button.fr-rounded,input.fr-rounded,textarea.fr-rounded{border-radius:10px;-moz-border-radius:10px;-webkit-border-radius:10px;-moz-background-clip:padding;-webkit-background-clip:padding-box;background-clip:padding-box}button.fr-large,input.fr-large,textarea.fr-large{font-size:24px}span.fr-img-caption.fr-dii.fr-fil,p img.fr-dii.fr-fil{margin-right:15px}a.fr-view.fr-strong{font-weight:700}a.fr-view.fr-green{color:green}img.fr-view{position:relative;max-width:100%}img.fr-view.fr-dib{margin:5px auto;display:block;float:none;vertical-align:top}img.fr-view.fr-dib.fr-fil{margin-left:0;text-align:left}img.fr-view.fr-dib.fr-fir{margin-right:0;text-align:right}img.fr-view.fr-dii{display:inline-block;float:none;vertical-align:bottom;margin-left:5px;margin-right:5px;max-width:calc(100% - (2 * 5px));min-width:10px}img.fr-view.fr-dii.fr-fil{float:left;margin:5px 5px 5px 0;max-width:calc(100% - 5px);min-width:5px}img.fr-view.fr-dii.fr-fir{float:right;margin:5px 0 5px 5px;max-width:calc(100% - 5px);min-width:5px}span.fr-img-caption.fr-view{position:relative;max-width:100%}span.fr-img-caption.fr-view.fr-dib{margin:5px auto;display:block;float:none;vertical-align:top}span.fr-img-caption.fr-view.fr-dib.fr-fil{margin-left:0;text-align:left}span.fr-img-caption.fr-view.fr-dib.fr-fir{margin-right:0;text-align:right}span.fr-img-caption.fr-view.fr-dii{display:inline-block;float:none;vertical-align:bottom;margin-left:5px;margin-right:5px;max-width:calc(100% - (2 * 5px));min-width:10px}span.fr-img-caption.fr-view.fr-dii.fr-fil{float:left;margin:5px 5px 5px 0;max-width:calc(100% - 5px);min-width:5px}span.fr-img-caption.fr-view.fr-dii.fr-fir{float:right;margin:5px 0 5px 5px;max-width:calc(100% - 5px);min-width:5px}\\n      /* Base Froala Styles End */\\n    </style></head><!-- XM Froala Top Level Wrapper Begin {{{ -->\\n    <div id=\\\"xm-froala-top-level-wrapper\\\" class=\\\"fr-view\\\">\\n    <!-- XM Froala Top Level Wrapper Begin }}} --><div style=\\\"width: 768px; margin-left: auto; margin-right: auto;\\\"><div style=\\\"width: 460px; margin-left: auto; margin-right: auto;\\\"><div style=\\\"width: 100%; margin: auto; text-align: center;\\\"><img src=\\\"https://static.xmatters.com/integrations/servicenow/images/servicenow-3.png\\\" class=\\\"fr-fic fr-dib\\\"></div><div style=\\\"text-align: center; margin: 20px auto;\\\">${person.firstName} ${person.lastName}, <span id=\\\"isPasted\\\" style=\\\"color: rgb(23, 43, 77); font-family: -apple-system, &quot;system-ui&quot;, &quot;Segoe UI&quot;, Roboto, Oxygen, Ubuntu, &quot;Fira Sans&quot;, &quot;Droid Sans&quot;, &quot;Helvetica Neue&quot;, sans-serif; font-size: 14px; font-style: normal; font-variant-ligatures: normal; font-variant-caps: normal; font-weight: 400; letter-spacing: normal; orphans: 2; text-align: left; text-indent: 0px; text-transform: none; white-space: normal; widows: 2; word-spacing: 0px; -webkit-text-stroke-width: 0px; background-color: rgb(255, 255, 255); text-decoration-thickness: initial; text-decoration-style: initial; text-decoration-color: initial; display: inline !important; float: none;\\\"><span id=\\\"isPasted\\\" style=\\\"color: rgb(23, 43, 77); font-family: -apple-system, &quot;system-ui&quot;, &quot;Segoe UI&quot;, Roboto, Oxygen, Ubuntu, &quot;Fira Sans&quot;, &quot;Droid Sans&quot;, &quot;Helvetica Neue&quot;, sans-serif; font-size: 14px; font-style: normal; font-variant-ligatures: normal; font-variant-caps: normal; font-weight: 400; letter-spacing: normal; orphans: 2; text-align: start; text-indent: 0px; text-transform: none; white-space: normal; widows: 2; word-spacing: 0px; -webkit-text-stroke-width: 0px; background-color: rgb(255, 255, 255); text-decoration-thickness: initial; text-decoration-style: initial; text-decoration-color: initial; display: inline !important; float: none;\\\">you're needed for a ServiceNow Security alert</span></span>:</div><div style=\\\"border: #e4e4e4 1px solid; border-radius: 5px;\\\"><div style=\\\"width: 100%;  display: flex; border-bottom: #e4e4e4 1px solid;\\\"><div style=\\\"width: 50%; text-align: center; display: block; border-right: #e4e4e4 1px solid;\\\"><div style=\\\"margin: auto; text-align: center; display: block; padding: 15px 5px;\\\"><div style=\\\"font-weight: bold;\\\">State</div>${cd55523c-f7f4-4e13-8ba9-17b0256c192f.State}</div></div><div style=\\\"width: 50%; text-align: center; display: block;\\\"><div style=\\\"margin: auto; text-align: center; display: block; padding: 15px 5px;\\\"><div style=\\\"font-weight: bold;\\\">Priority</div>${cd55523c-f7f4-4e13-8ba9-17b0256c192f.Priority}</div></div></div><div style=\\\"padding: 15px 15px; display: block; border-bottom: #e4e4e4 1px solid;\\\"><span style=\\\"font-weight: bold; margin-bottom: 5px;\\\">Subject:</span> ${cd55523c-f7f4-4e13-8ba9-17b0256c192f.Short description}</div><div style=\\\"padding: 15px 15px; display: block; border-bottom: #e4e4e4 1px solid;\\\"><span style=\\\"font-weight: bold; margin-bottom: 5px;\\\">Description:</span> ${cd55523c-f7f4-4e13-8ba9-17b0256c192f.Description}</div><div style=\\\"padding: 15px 15px; display: block; border-bottom: #e4e4e4 1px solid;\\\"><span style=\\\"font-weight: bold; margin-bottom: 5px;\\\">Service:${cd55523c-f7f4-4e13-8ba9-17b0256c192f.Service}</span></div><div style=\\\"padding: 15px 15px; display: block; border-bottom: #e4e4e4 1px solid;\\\"><span style=\\\"font-weight: bold; margin-bottom: 5px;\\\">Assignment Group:</span> ${cd55523c-f7f4-4e13-8ba9-17b0256c192f.Assignment group}<br><br>(Previously was&nbsp;${cd55523c-f7f4-4e13-8ba9-17b0256c192f.Assignment group - Previous })</div><div style=\\\"padding: 15px 15px; display: block; border-bottom: #e4e4e4 1px solid;\\\"><span style=\\\"font-weight: bold; margin-bottom: 5px;\\\">Alerting Path:</span> ${person.alertContext}</div><div style=\\\"padding: 15px 15px; display: block;\\\"><div style=\\\"font-weight: bold; margin-bottom: 5px;\\\"><a href=\\\"${cd55523c-f7f4-4e13-8ba9-17b0256c192f.Record URL}\\\" target=\\\"_blank\\\" rel=\\\"noopener noreferrer\\\">View Security incident ${cd55523c-f7f4-4e13-8ba9-17b0256c192f.Number} in ServiceNow</a></div></div></div><!-- the following elements are used for processing. Signal ID is required to look up and terminate events using the Get Events step. --><div style=\\\"display:none;\\\">${cd55523c-f7f4-4e13-8ba9-17b0256c192f.Record ID}</div><div style=\\\"padding-top: 27px; margin-bottom: 20px;\\\"><img style=\\\"width: 195px;\\\" src=\\\"https://static.xmatters.com/integrations/common/images/powered_by_xmatters_color.png\\\" class=\\\"fr-fic fr-dii\\\"></div><div id=\\\"incident-responses\\\"><!--__X_RESPONSE_CHOICES_PLACEHOLDER__--><br></div></div></div><!-- XM Froala Top Level Wrapper End {{{ -->\\n    </div>\\n    <!-- XM Froala Top Level Wrapper End }}} -->\"}]",
          "builtInInputId": "c2a258c9-70f0-5ab9-87a0-f16aac6a4f7e"
        },
        {
          "inputPort": "input",
          "mapping": "{\"bridgeTypeSelector\":\"NONE\"}",
          "builtInInputId": "707a5098-300e-50d1-8e70-30f1ec2ad99d"
        },
        {
          "inputPort": "input",
          "mapping": "false",
          "builtInInputId": "7ec1fde7-1816-5b50-968f-c3eafa529f62"
        },
        {
          "inputPort": "input",
          "mapping": "[\n  {\n    \"action\": \"STOP_NOTIFYING_TARGET\",\n    \"allowComments\": true,\n    \"contribution\": \"POSITIVE\",\n    \"description\": \"Accept\",\n    \"joinConference\": false,\n    \"number\": 1.0,\n    \"prompt\": \"Accept\",\n    \"redirectUrl\": \"\",\n    \"text\": \"Accept\",\n    \"id\": \"c55ae321-21b7-4f3f-89dc-629b1922c0d5\",\n    \"triggerBlockId\": \"1989d3d3-0fcb-4df2-bd1c-4e43ad98a63b\",\n    \"integrationId\": \"2a6dd916-a3f8-4d7e-b193-569e9c5cf075\"\n  },\n  {\n    \"action\": \"ESCALATE\",\n    \"allowComments\": true,\n    \"contribution\": \"NEGATIVE\",\n    \"description\": \"Escalate\",\n    \"joinConference\": false,\n    \"number\": 2.0,\n    \"prompt\": \"Escalate\",\n    \"redirectUrl\": \"\",\n    \"text\": \"Escalate\",\n    \"id\": \"39201466-050d-4b07-ae03-4a4fc9dc0eac\",\n    \"triggerBlockId\": \"91305e12-d894-4fda-adac-562b7cbd1ee6\",\n    \"integrationId\": \"4d088360-2511-468f-8ae6-cd09eeaa0fb2\"\n  }\n]",
          "builtInInputId": "ac190a1d-00b8-5aea-8543-12459dd918a7"
        },
        {
          "inputPort": "input",
          "mapping": "0",
          "builtInInputId": "8298a407-9069-5331-8dee-219cdb1b4868"
        },
        {
          "inputPort": "input",
          "mapping": "60",
          "builtInInputId": "ceffae29-cef3-5488-b9d1-f845c558f8a4"
        },
        {
          "inputPort": "input",
          "mapping": "false",
          "builtInInputId": "0eeeaf31-fd99-5ada-aaf5-9b4ca198cce6"
        },
        {
          "inputPort": "input",
          "mapping": "false",
          "builtInInputId": "60992193-3b95-5b4e-adfd-244d5e834d67"
        },
        {
          "inputPort": "input",
          "mapping": "callbackonly",
          "builtInInputId": "94bf035f-007b-5da6-996b-d122ff92e7b3"
        },
        {
          "inputPort": "input",
          "mapping": "[{\"language\":\"en\",\"text\":\"${cd55523c-f7f4-4e13-8ba9-17b0256c192f.Number} - ${cd55523c-f7f4-4e13-8ba9-17b0256c192f.Short description} - Please help\"}]",
          "builtInInputId": "8fccda00-5665-53aa-90a0-267d4b796a99"
        },
        {
          "inputPort": "input",
          "mapping": "[{\"language\":\"en\",\"steps\":[{\"playback\":\"TTS\",\"phrase\":\"You are needed for a Security Incident\",\"uiBlock\":\"a74ed078-8db8-46cb-9f4e-82d1a072e294\"},{\"playback\":\"TTS\",\"phrase\":\"See your email or xMatters app for additional detail\",\"uiBlock\":\"b0f0dc4e-33fe-42ae-9545-d5b9dc464896\"}]}]",
          "builtInInputId": "1e0aae21-0ac6-5683-a162-36fa1f8a895c"
        },
        {
          "inputPort": "input",
          "mapping": "Android Phone,Android Tablet,iPad,iPhone,SMS Phone,Home Phone,Mobile Phone,Work Phone,Home Email,Work Email,Slack",
          "builtInInputId": "21dbc8d9-0c69-5ff1-99b2-f66986efcb79"
        },
        {
          "inputPort": "input",
          "mapping": "[{\"id\":\"${cd55523c-f7f4-4e13-8ba9-17b0256c192f.Assignment group}\"},{\"id\":\"${cd55523c-f7f4-4e13-8ba9-17b0256c192f.Recipients}\"}]",
          "builtInInputId": "c2fa8405-6461-5736-9370-96e1dc04be7c"
        },
        {
          "inputPort": "input",
          "mapping": "PICKER",
          "builtInInputId": "9b9bc3ee-7633-57e7-b13e-443db15f6e34"
        },
        {
          "inputPort": "input",
          "mapping": "{\"DELIVERYSTATUS\":{\"triggerType\":\"DELIVERYSTATUS\",\"triggerBlockId\":\"5550eb40-3460-411e-822b-3f43cc269228\",\"hidden\":false,\"position\":0},\"RESPONSE\":{\"triggerType\":\"RESPONSE\",\"triggerBlockId\":\"9f6673d4-0525-4be3-8f46-21e27393ca06\",\"hidden\":false,\"position\":1},\"ANNOTATION\":{\"triggerType\":\"ANNOTATION\",\"triggerBlockId\":\"99391acc-eff9-409c-a29e-186ff670ce24\",\"hidden\":false,\"position\":2}}",
          "builtInInputId": "d5f190c2-4549-5f07-b14d-d51d641cf1e6"
        },
        {
          "inputPort": "input",
          "mapping": "false",
          "builtInInputId": "c4501a77-1058-51d5-9044-7c4f8a39938a"
        },
        {
          "inputPort": "input",
          "mapping": "Medium",
          "builtInInputId": "3f50d6a7-0fc9-59a1-bd97-8eb19db317bd"
        }
      ]
    },
    {
      "id": "1989d3d3-0fcb-4df2-bd1c-4e43ad98a63b",
      "label": "Security Incident Alert Group Change - Accept",
      "environment": "HOSTED",
      "presentation": "{\"w\":100,\"h\":50}",
      "step": "2a6dd916-a3f8-4d7e-b193-569e9c5cf075",
      "stepType": "INTEGRATION",
      "groupingBlockId": "65e1702f-3f13-47c7-9dee-236e176fe6fe"
    },
    {
      "id": "99391acc-eff9-409c-a29e-186ff670ce24",
      "label": "Security Incident Alert Group Change - Alert Comments",
      "environment": "HOSTED",
      "presentation": "{\"w\":100,\"h\":50}",
      "step": "01802d3b-1d93-4982-ab5b-af8979bc5cff",
      "stepType": "INTEGRATION",
      "groupingBlockId": "65e1702f-3f13-47c7-9dee-236e176fe6fe"
    },
    {
      "id": "5550eb40-3460-411e-822b-3f43cc269228",
      "label": "Security Incident Alert Group Change - Device Delivery Updates",
      "environment": "HOSTED",
      "presentation": "{\"w\":100,\"h\":50}",
      "step": "7dcd96b7-a9c8-4ca2-b927-08215400c05f",
      "stepType": "INTEGRATION",
      "groupingBlockId": "65e1702f-3f13-47c7-9dee-236e176fe6fe"
    },
    {
      "id": "91305e12-d894-4fda-adac-562b7cbd1ee6",
      "label": "Security Incident Alert Group Change - Escalate",
      "environment": "HOSTED",
      "presentation": "{\"w\":100,\"h\":50}",
      "step": "4d088360-2511-468f-8ae6-cd09eeaa0fb2",
      "stepType": "INTEGRATION",
      "groupingBlockId": "65e1702f-3f13-47c7-9dee-236e176fe6fe"
    },
    {
      "id": "9f6673d4-0525-4be3-8f46-21e27393ca06",
      "label": "Security Incident Alert Group Change - Response",
      "environment": "HOSTED",
      "presentation": "{\"w\":100,\"h\":50}",
      "stepType": "RESPONSES",
      "groupingBlockId": "65e1702f-3f13-47c7-9dee-236e176fe6fe"
    },
    {
      "id": "cd55523c-f7f4-4e13-8ba9-17b0256c192f",
      "endpoint": "ServiceNow",
      "label": "ServiceNow Record Alerts Security Incident [sn_si_incident]",
      "environment": "HOSTED",
      "presentation": "{\"w\":100,\"x\":0,\"h\":50,\"y\":40}",
      "step": "18ee1eaf-d36f-4024-95ac-1ed78934ccdc",
      "stepType": "INTEGRATION",
      "inputMappings": [
        {
          "inputPort": "input",
          "mapping": "{\"value\":\"sn_si_incident\",\"label\":\"Security Incident [sn_si_incident]\"}",
          "stepInput": "6fb516fe-5a42-5e28-9323-7c7608961a92"
        },
        {
          "inputPort": "input",
          "mapping": "[{\"dataOriginPointer\":{\"value\":\"state\",\"label\":\"State\",\"atDepth\":[\"primaryRecord\",\"state\"],\"type\":\"choice\"},\"id\":\"13dab8fa-89dd-400c-b5bd-7829382e5afa\",\"name\":\"State\",\"description\":\"\",\"isShadowOf\":\"\",\"groupIndex\":0,\"position\":0},{\"dataOriginPointer\":{\"value\":\"state\",\"label\":\"State\",\"atDepth\":[\"secondaryRecord\",\"state\"]},\"id\":\"bb78fece-c401-4286-b35e-87a8cad75634\",\"name\":\"State - Previous \",\"description\":\"{previous.state}\",\"isShadowOf\":\"13dab8fa-89dd-400c-b5bd-7829382e5afa\",\"groupIndex\":0,\"position\":1},{\"dataOriginPointer\":{\"value\":\"short_description\",\"label\":\"Short description\",\"atDepth\":[\"primaryRecord\",\"short_description\"],\"type\":\"string\"},\"id\":\"100cac1e-94f9-4d57-ad9f-66fbc4bbed94\",\"name\":\"Short description\",\"description\":\"\",\"isShadowOf\":\"\",\"groupIndex\":1,\"position\":2},{\"dataOriginPointer\":{\"value\":\"short_description\",\"label\":\"Short description\",\"atDepth\":[\"secondaryRecord\",\"short_description\"]},\"id\":\"f34323a8-3792-4edf-a692-3618a4f24c16\",\"name\":\"Short description - Previous \",\"description\":\"{previous.short_description}\",\"isShadowOf\":\"100cac1e-94f9-4d57-ad9f-66fbc4bbed94\",\"groupIndex\":1,\"position\":3},{\"dataOriginPointer\":{\"value\":\"number\",\"label\":\"Number\",\"atDepth\":[\"primaryRecord\",\"number\"],\"type\":\"string\"},\"id\":\"191d81d6-f069-45f1-9363-92131fd41175\",\"name\":\"Number\",\"description\":\"\",\"isShadowOf\":\"\",\"groupIndex\":2,\"position\":4},{\"dataOriginPointer\":{\"value\":\"number\",\"label\":\"Number\",\"atDepth\":[\"secondaryRecord\",\"number\"]},\"id\":\"517a00ab-7885-436d-85d8-763265212f60\",\"name\":\"Number - Previous \",\"description\":\"{previous.number}\",\"isShadowOf\":\"191d81d6-f069-45f1-9363-92131fd41175\",\"groupIndex\":2,\"position\":5},{\"dataOriginPointer\":{\"value\":\"sys_created_by\",\"label\":\"Created by\",\"atDepth\":[\"primaryRecord\",\"sys_created_by\"],\"type\":\"string\"},\"id\":\"efd25d01-1e8c-499c-8df5-be8cc89f4a40\",\"name\":\"Created by\",\"description\":\"\",\"isShadowOf\":\"\",\"groupIndex\":3,\"position\":6},{\"dataOriginPointer\":{\"value\":\"sys_created_by\",\"label\":\"Created by\",\"atDepth\":[\"secondaryRecord\",\"sys_created_by\"]},\"id\":\"29866c84-43df-4492-80d5-71c8696f16c2\",\"name\":\"Created by - Previous \",\"description\":\"{previous.sys_created_by}\",\"isShadowOf\":\"efd25d01-1e8c-499c-8df5-be8cc89f4a40\",\"groupIndex\":3,\"position\":7},{\"dataOriginPointer\":{\"value\":\"cmdb_ci\",\"label\":\"Configuration item\",\"atDepth\":[\"primaryRecord\",\"cmdb_ci\",\"display_value\"],\"type\":\"reference\",\"reference\":\"cmdb_ci\"},\"id\":\"13a88440-635a-4e33-b271-bdcb1648aa67\",\"name\":\"Configuration item\",\"description\":\"\",\"isShadowOf\":\"\",\"groupIndex\":4,\"position\":8},{\"dataOriginPointer\":{\"value\":\"cmdb_ci\",\"label\":\"Configuration item\",\"atDepth\":[\"secondaryRecord\",\"cmdb_ci\",\"display_value\"]},\"id\":\"18d5afae-2c2c-484e-aa52-e358ac566d18\",\"name\":\"Configuration item - Previous \",\"description\":\"{previous.cmdb_ci.display_value}\",\"isShadowOf\":\"13a88440-635a-4e33-b271-bdcb1648aa67\",\"groupIndex\":4,\"position\":9},{\"dataOriginPointer\":{\"value\":\"cmdb_ci\",\"label\":\"Configuration item\",\"atDepth\":[\"primaryRecord\",\"cmdb_ci\",\"sys_id\"]},\"id\":\"f7b306f3-6a8c-42f0-88bb-3fcb812d9e7d\",\"name\":\"Configuration item - Record ID\",\"description\":\"{current.cmdb_ci.sys_id}\",\"isShadowOf\":\"13a88440-635a-4e33-b271-bdcb1648aa67\",\"groupIndex\":4,\"position\":10},{\"dataOriginPointer\":{\"value\":\"cmdb_ci\",\"label\":\"Configuration item\",\"atDepth\":[\"secondaryRecord\",\"cmdb_ci\",\"sys_id\"]},\"id\":\"d86e8c9f-d199-437c-b801-67b83f79f37e\",\"name\":\"Configuration item - Previous Record ID\",\"description\":\"{previous.cmdb_ci.sys_id}\",\"isShadowOf\":\"13a88440-635a-4e33-b271-bdcb1648aa67\",\"groupIndex\":4,\"position\":11},{\"dataOriginPointer\":{\"value\":\"impact\",\"label\":\"Impact\",\"atDepth\":[\"primaryRecord\",\"impact\"],\"type\":\"choice\"},\"id\":\"a88bf958-7b74-40e5-9a21-1fa9434009b3\",\"name\":\"Impact\",\"description\":\"\",\"isShadowOf\":\"\",\"groupIndex\":5,\"position\":12},{\"dataOriginPointer\":{\"value\":\"impact\",\"label\":\"Impact\",\"atDepth\":[\"secondaryRecord\",\"impact\"]},\"id\":\"f3de3221-8271-459d-ab48-4daa67adac7a\",\"name\":\"Impact - Previous \",\"description\":\"{previous.impact}\",\"isShadowOf\":\"a88bf958-7b74-40e5-9a21-1fa9434009b3\",\"groupIndex\":5,\"position\":13},{\"dataOriginPointer\":{\"value\":\"priority\",\"label\":\"Priority\",\"atDepth\":[\"primaryRecord\",\"priority\"],\"type\":\"choice\"},\"id\":\"601beb7a-3c0f-40f5-82e3-a43acae7f9bb\",\"name\":\"Priority\",\"description\":\"\",\"isShadowOf\":\"\",\"groupIndex\":6,\"position\":14},{\"dataOriginPointer\":{\"value\":\"priority\",\"label\":\"Priority\",\"atDepth\":[\"secondaryRecord\",\"priority\"]},\"id\":\"537e54ad-6759-4775-ba72-cc7e17c4ca30\",\"name\":\"Priority - Previous \",\"description\":\"{previous.priority}\",\"isShadowOf\":\"601beb7a-3c0f-40f5-82e3-a43acae7f9bb\",\"groupIndex\":6,\"position\":15},{\"dataOriginPointer\":{\"value\":\"sys_class_name\",\"label\":\"Task type\",\"atDepth\":[\"primaryRecord\",\"sys_class_name\"],\"type\":\"choice\"},\"id\":\"a20535cc-5b1e-4479-85f7-8dd5de5fd7ab\",\"name\":\"Task type\",\"description\":\"\",\"isShadowOf\":\"\",\"groupIndex\":7,\"position\":16},{\"dataOriginPointer\":{\"value\":\"sys_class_name\",\"label\":\"Task type\",\"atDepth\":[\"secondaryRecord\",\"sys_class_name\"]},\"id\":\"59b734a7-13e3-44b1-b2e8-1d68670ff2d9\",\"name\":\"Task type - Previous \",\"description\":\"{previous.sys_class_name}\",\"isShadowOf\":\"a20535cc-5b1e-4479-85f7-8dd5de5fd7ab\",\"groupIndex\":7,\"position\":17},{\"dataOriginPointer\":{\"value\":\"affected_user\",\"label\":\"Affected user\",\"atDepth\":[\"primaryRecord\",\"affected_user\",\"display_value\"],\"type\":\"reference\",\"reference\":\"sys_user\"},\"id\":\"8a159110-43b0-4da4-bdd7-ee642947e980\",\"name\":\"Affected user\",\"description\":\"\",\"isShadowOf\":\"\",\"groupIndex\":8,\"position\":18},{\"dataOriginPointer\":{\"value\":\"affected_user\",\"label\":\"Affected user\",\"atDepth\":[\"secondaryRecord\",\"affected_user\",\"display_value\"]},\"id\":\"ee5dafd1-e44d-41ee-86d3-2915ee86f306\",\"name\":\"Affected user - Previous \",\"description\":\"{previous.affected_user.display_value}\",\"isShadowOf\":\"8a159110-43b0-4da4-bdd7-ee642947e980\",\"groupIndex\":8,\"position\":19},{\"dataOriginPointer\":{\"value\":\"affected_user\",\"label\":\"Affected user\",\"atDepth\":[\"primaryRecord\",\"affected_user\",\"sys_id\"]},\"id\":\"70e4858b-3cc1-4c67-81fa-a2e2a18d4ed4\",\"name\":\"Affected user - Record ID\",\"description\":\"{current.affected_user.sys_id}\",\"isShadowOf\":\"8a159110-43b0-4da4-bdd7-ee642947e980\",\"groupIndex\":8,\"position\":20},{\"dataOriginPointer\":{\"value\":\"affected_user\",\"label\":\"Affected user\",\"atDepth\":[\"secondaryRecord\",\"affected_user\",\"sys_id\"]},\"id\":\"a4cc0077-7c77-425a-bc6d-9e4b5a34ce2a\",\"name\":\"Affected user - Previous Record ID\",\"description\":\"{previous.affected_user.sys_id}\",\"isShadowOf\":\"8a159110-43b0-4da4-bdd7-ee642947e980\",\"groupIndex\":8,\"position\":21},{\"dataOriginPointer\":{\"value\":\"affected_user\",\"label\":\"Affected user\",\"atDepth\":[\"primaryRecord\",\"affected_user\",\"username\"]},\"id\":\"cc6f09e7-aa1a-4c34-8bec-7095dc187940\",\"name\":\"Affected user - Username\",\"description\":\"{current.affected_user.username}\",\"isShadowOf\":\"8a159110-43b0-4da4-bdd7-ee642947e980\",\"groupIndex\":8,\"position\":22},{\"dataOriginPointer\":{\"value\":\"affected_user\",\"label\":\"Affected user\",\"atDepth\":[\"secondaryRecord\",\"affected_user\",\"username\"]},\"id\":\"bd613ede-c2ed-4037-947c-fec52844949e\",\"name\":\"Affected user - Previous Username\",\"description\":\"{previous.affected_user.username}\",\"isShadowOf\":\"8a159110-43b0-4da4-bdd7-ee642947e980\",\"groupIndex\":8,\"position\":23},{\"dataOriginPointer\":{\"value\":\"vendor_reference\",\"label\":\"Vendor reference\",\"atDepth\":[\"primaryRecord\",\"vendor_reference\"],\"type\":\"string\"},\"id\":\"be617155-f547-4ff5-8a2b-45e77f791e6d\",\"name\":\"Vendor reference\",\"description\":\"\",\"isShadowOf\":\"\",\"groupIndex\":9,\"position\":24},{\"dataOriginPointer\":{\"value\":\"vendor_reference\",\"label\":\"Vendor reference\",\"atDepth\":[\"secondaryRecord\",\"vendor_reference\"]},\"id\":\"fb715e5b-0b24-492e-be0e-63231cc29484\",\"name\":\"Vendor reference - Previous \",\"description\":\"{previous.vendor_reference}\",\"isShadowOf\":\"be617155-f547-4ff5-8a2b-45e77f791e6d\",\"groupIndex\":9,\"position\":25},{\"dataOriginPointer\":{\"value\":\"mitre_tool\",\"label\":\"MITRE ATT&CK Procedure (Tool)\",\"atDepth\":[\"primaryRecord\",\"mitre_tool\"],\"type\":\"string\"},\"id\":\"b6400eb4-5d9f-4a25-8a75-8bcb7419c808\",\"name\":\"MITRE ATT&CK Procedure (Tool)\",\"description\":\"\",\"isShadowOf\":\"\",\"groupIndex\":10,\"position\":26},{\"dataOriginPointer\":{\"value\":\"mitre_tool\",\"label\":\"MITRE ATT&CK Procedure (Tool)\",\"atDepth\":[\"secondaryRecord\",\"mitre_tool\"]},\"id\":\"bc4396f2-9977-4221-abef-a03dc771eebb\",\"name\":\"MITRE ATT&CK Procedure (Tool) - Previous \",\"description\":\"{previous.mitre_tool}\",\"isShadowOf\":\"b6400eb4-5d9f-4a25-8a75-8bcb7419c808\",\"groupIndex\":10,\"position\":27},{\"dataOriginPointer\":{\"value\":\"asset\",\"label\":\"Asset\",\"atDepth\":[\"primaryRecord\",\"asset\",\"display_value\"],\"type\":\"reference\",\"reference\":\"alm_asset\"},\"id\":\"686f1eb4-6594-483a-8a8b-103681edb9ac\",\"name\":\"Asset\",\"description\":\"\",\"isShadowOf\":\"\",\"groupIndex\":11,\"position\":28},{\"dataOriginPointer\":{\"value\":\"asset\",\"label\":\"Asset\",\"atDepth\":[\"secondaryRecord\",\"asset\",\"display_value\"]},\"id\":\"cf68ee7b-9c4c-44da-b3c7-94a5e63ef638\",\"name\":\"Asset - Previous \",\"description\":\"{previous.asset.display_value}\",\"isShadowOf\":\"686f1eb4-6594-483a-8a8b-103681edb9ac\",\"groupIndex\":11,\"position\":29},{\"dataOriginPointer\":{\"value\":\"asset\",\"label\":\"Asset\",\"atDepth\":[\"primaryRecord\",\"asset\",\"sys_id\"]},\"id\":\"9bc4cd57-85fc-4baf-befa-d4c9a919158d\",\"name\":\"Asset - Record ID\",\"description\":\"{current.asset.sys_id}\",\"isShadowOf\":\"686f1eb4-6594-483a-8a8b-103681edb9ac\",\"groupIndex\":11,\"position\":30},{\"dataOriginPointer\":{\"value\":\"asset\",\"label\":\"Asset\",\"atDepth\":[\"secondaryRecord\",\"asset\",\"sys_id\"]},\"id\":\"2fea2fee-bd6e-448e-8d22-9fd6b2d85390\",\"name\":\"Asset - Previous Record ID\",\"description\":\"{previous.asset.sys_id}\",\"isShadowOf\":\"686f1eb4-6594-483a-8a8b-103681edb9ac\",\"groupIndex\":11,\"position\":31},{\"dataOriginPointer\":{\"value\":\"business_service\",\"label\":\"Service\",\"atDepth\":[\"primaryRecord\",\"business_service\",\"display_value\"],\"type\":\"reference\",\"reference\":\"cmdb_ci_service\"},\"id\":\"83b9b7af-7beb-434c-8390-fa889f8de8da\",\"name\":\"Service\",\"description\":\"\",\"isShadowOf\":\"\",\"groupIndex\":12,\"position\":32},{\"dataOriginPointer\":{\"value\":\"business_service\",\"label\":\"Service\",\"atDepth\":[\"secondaryRecord\",\"business_service\",\"display_value\"]},\"id\":\"4c4bc4af-0391-4c79-bef2-e79c1f1a902f\",\"name\":\"Service - Previous \",\"description\":\"{previous.business_service.display_value}\",\"isShadowOf\":\"83b9b7af-7beb-434c-8390-fa889f8de8da\",\"groupIndex\":12,\"position\":33},{\"dataOriginPointer\":{\"value\":\"business_service\",\"label\":\"Service\",\"atDepth\":[\"primaryRecord\",\"business_service\",\"sys_id\"]},\"id\":\"da7c151e-7117-467d-b050-58f6e033eb8a\",\"name\":\"Service - Record ID\",\"description\":\"{current.business_service.sys_id}\",\"isShadowOf\":\"83b9b7af-7beb-434c-8390-fa889f8de8da\",\"groupIndex\":12,\"position\":34},{\"dataOriginPointer\":{\"value\":\"business_service\",\"label\":\"Service\",\"atDepth\":[\"secondaryRecord\",\"business_service\",\"sys_id\"]},\"id\":\"b489a521-9d48-4994-96ef-e332ff297ecf\",\"name\":\"Service - Previous Record ID\",\"description\":\"{previous.business_service.sys_id}\",\"isShadowOf\":\"83b9b7af-7beb-434c-8390-fa889f8de8da\",\"groupIndex\":12,\"position\":35},{\"dataOriginPointer\":{\"value\":\"assignment_group\",\"label\":\"Assignment group\",\"atDepth\":[\"primaryRecord\",\"assignment_group\",\"display_value\"],\"type\":\"reference\",\"reference\":\"sys_user_group\"},\"id\":\"bb0d6a02-f54b-49e1-8742-af7ff27540d9\",\"name\":\"Assignment group\",\"description\":\"\",\"isShadowOf\":\"\",\"groupIndex\":13,\"position\":36},{\"dataOriginPointer\":{\"value\":\"assignment_group\",\"label\":\"Assignment group\",\"atDepth\":[\"secondaryRecord\",\"assignment_group\",\"display_value\"]},\"id\":\"94d54541-0d69-4a51-9faf-248f2236062d\",\"name\":\"Assignment group - Previous \",\"description\":\"{previous.assignment_group.display_value}\",\"isShadowOf\":\"bb0d6a02-f54b-49e1-8742-af7ff27540d9\",\"groupIndex\":13,\"position\":37},{\"dataOriginPointer\":{\"value\":\"assignment_group\",\"label\":\"Assignment group\",\"atDepth\":[\"primaryRecord\",\"assignment_group\",\"sys_id\"]},\"id\":\"d3535763-5fed-42e1-8a90-f408255ffa04\",\"name\":\"Assignment group - Record ID\",\"description\":\"{current.assignment_group.sys_id}\",\"isShadowOf\":\"bb0d6a02-f54b-49e1-8742-af7ff27540d9\",\"groupIndex\":13,\"position\":38},{\"dataOriginPointer\":{\"value\":\"assignment_group\",\"label\":\"Assignment group\",\"atDepth\":[\"secondaryRecord\",\"assignment_group\",\"sys_id\"]},\"id\":\"65330f9c-456a-46c3-a43f-c82642f2fc2d\",\"name\":\"Assignment group - Previous Record ID\",\"description\":\"{previous.assignment_group.sys_id}\",\"isShadowOf\":\"bb0d6a02-f54b-49e1-8742-af7ff27540d9\",\"groupIndex\":13,\"position\":39},{\"dataOriginPointer\":{\"value\":\"opened_by\",\"label\":\"Opened by\",\"atDepth\":[\"primaryRecord\",\"opened_by\",\"display_value\"],\"type\":\"reference\",\"reference\":\"sys_user\"},\"id\":\"6270dc9f-f8fb-4d37-bcc7-3a1ccaa2ef1e\",\"name\":\"Opened by\",\"description\":\"\",\"isShadowOf\":\"\",\"groupIndex\":14,\"position\":40},{\"dataOriginPointer\":{\"value\":\"opened_by\",\"label\":\"Opened by\",\"atDepth\":[\"secondaryRecord\",\"opened_by\",\"display_value\"]},\"id\":\"cfa59d9d-84c6-4d08-aaa8-1f114eb59436\",\"name\":\"Opened by - Previous \",\"description\":\"{previous.opened_by.display_value}\",\"isShadowOf\":\"6270dc9f-f8fb-4d37-bcc7-3a1ccaa2ef1e\",\"groupIndex\":14,\"position\":41},{\"dataOriginPointer\":{\"value\":\"opened_by\",\"label\":\"Opened by\",\"atDepth\":[\"primaryRecord\",\"opened_by\",\"sys_id\"]},\"id\":\"1870d5d6-5e43-4327-8bd5-111c4eaa5e36\",\"name\":\"Opened by - Record ID\",\"description\":\"{current.opened_by.sys_id}\",\"isShadowOf\":\"6270dc9f-f8fb-4d37-bcc7-3a1ccaa2ef1e\",\"groupIndex\":14,\"position\":42},{\"dataOriginPointer\":{\"value\":\"opened_by\",\"label\":\"Opened by\",\"atDepth\":[\"secondaryRecord\",\"opened_by\",\"sys_id\"]},\"id\":\"2039e84d-6187-4819-a125-f15b1020ea0e\",\"name\":\"Opened by - Previous Record ID\",\"description\":\"{previous.opened_by.sys_id}\",\"isShadowOf\":\"6270dc9f-f8fb-4d37-bcc7-3a1ccaa2ef1e\",\"groupIndex\":14,\"position\":43},{\"dataOriginPointer\":{\"value\":\"opened_by\",\"label\":\"Opened by\",\"atDepth\":[\"primaryRecord\",\"opened_by\",\"username\"]},\"id\":\"4e4d2a35-59cc-4d85-9eef-6401846dd6df\",\"name\":\"Opened by - Username\",\"description\":\"{current.opened_by.username}\",\"isShadowOf\":\"6270dc9f-f8fb-4d37-bcc7-3a1ccaa2ef1e\",\"groupIndex\":14,\"position\":44},{\"dataOriginPointer\":{\"value\":\"opened_by\",\"label\":\"Opened by\",\"atDepth\":[\"secondaryRecord\",\"opened_by\",\"username\"]},\"id\":\"23b8bcb4-a50d-48cf-a004-d402465899ee\",\"name\":\"Opened by - Previous Username\",\"description\":\"{previous.opened_by.username}\",\"isShadowOf\":\"6270dc9f-f8fb-4d37-bcc7-3a1ccaa2ef1e\",\"groupIndex\":14,\"position\":45},{\"dataOriginPointer\":{\"value\":\"description\",\"label\":\"Description\",\"atDepth\":[\"primaryRecord\",\"description\"],\"type\":\"string\"},\"id\":\"08cbd530-a83e-4448-b1ec-3a30e9087b17\",\"name\":\"Description\",\"description\":\"\",\"isShadowOf\":\"\",\"groupIndex\":15,\"position\":46},{\"dataOriginPointer\":{\"value\":\"description\",\"label\":\"Description\",\"atDepth\":[\"secondaryRecord\",\"description\"]},\"id\":\"bf49e57b-d5d5-4853-9525-abcf75b289dd\",\"name\":\"Description - Previous \",\"description\":\"{previous.description}\",\"isShadowOf\":\"08cbd530-a83e-4448-b1ec-3a30e9087b17\",\"groupIndex\":15,\"position\":47},{\"dataOriginPointer\":{\"value\":\"incident\",\"label\":\"Incident\",\"atDepth\":[\"primaryRecord\",\"incident\",\"display_value\"],\"type\":\"reference\",\"reference\":\"incident\"},\"id\":\"9b5fc85b-b2f0-4a33-a0b3-5eb2bed4354a\",\"name\":\"Incident\",\"description\":\"\",\"isShadowOf\":\"\",\"groupIndex\":16,\"position\":48},{\"dataOriginPointer\":{\"value\":\"incident\",\"label\":\"Incident\",\"atDepth\":[\"secondaryRecord\",\"incident\",\"display_value\"]},\"id\":\"63cb73f9-90bc-4ad4-8639-57dd28621838\",\"name\":\"Incident - Previous \",\"description\":\"{previous.incident.display_value}\",\"isShadowOf\":\"9b5fc85b-b2f0-4a33-a0b3-5eb2bed4354a\",\"groupIndex\":16,\"position\":49},{\"dataOriginPointer\":{\"value\":\"incident\",\"label\":\"Incident\",\"atDepth\":[\"primaryRecord\",\"incident\",\"sys_id\"]},\"id\":\"d5a3d2a8-4c48-45a2-adaf-30888c157ff3\",\"name\":\"Incident - Record ID\",\"description\":\"{current.incident.sys_id}\",\"isShadowOf\":\"9b5fc85b-b2f0-4a33-a0b3-5eb2bed4354a\",\"groupIndex\":16,\"position\":50},{\"dataOriginPointer\":{\"value\":\"incident\",\"label\":\"Incident\",\"atDepth\":[\"secondaryRecord\",\"incident\",\"sys_id\"]},\"id\":\"57771d83-4c24-452c-86db-caf4fb609852\",\"name\":\"Incident - Previous Record ID\",\"description\":\"{previous.incident.sys_id}\",\"isShadowOf\":\"9b5fc85b-b2f0-4a33-a0b3-5eb2bed4354a\",\"groupIndex\":16,\"position\":51}]",
          "stepInput": "643a6a82-a9a3-51a9-b438-a9a3b5ef1452"
        }
      ],
      "dynamicOutputs": [
        {
          "id": "13dab8fa-89dd-400c-b5bd-7829382e5afa",
          "name": "State",
          "description": "",
          "position": 0,
          "integrationScriptStepUuid": "acc4467d-0242-571f-b62c-f0a1e863e4db"
        },
        {
          "id": "bb78fece-c401-4286-b35e-87a8cad75634",
          "name": "State - Previous ",
          "description": "{previous.state}",
          "position": 1,
          "integrationScriptStepUuid": "acc4467d-0242-571f-b62c-f0a1e863e4db"
        },
        {
          "id": "100cac1e-94f9-4d57-ad9f-66fbc4bbed94",
          "name": "Short description",
          "description": "",
          "position": 2,
          "integrationScriptStepUuid": "acc4467d-0242-571f-b62c-f0a1e863e4db"
        },
        {
          "id": "f34323a8-3792-4edf-a692-3618a4f24c16",
          "name": "Short description - Previous ",
          "description": "{previous.short_description}",
          "position": 3,
          "integrationScriptStepUuid": "acc4467d-0242-571f-b62c-f0a1e863e4db"
        },
        {
          "id": "191d81d6-f069-45f1-9363-92131fd41175",
          "name": "Number",
          "description": "",
          "position": 4,
          "integrationScriptStepUuid": "acc4467d-0242-571f-b62c-f0a1e863e4db"
        },
        {
          "id": "517a00ab-7885-436d-85d8-763265212f60",
          "name": "Number - Previous ",
          "description": "{previous.number}",
          "position": 5,
          "integrationScriptStepUuid": "acc4467d-0242-571f-b62c-f0a1e863e4db"
        },
        {
          "id": "efd25d01-1e8c-499c-8df5-be8cc89f4a40",
          "name": "Created by",
          "description": "",
          "position": 6,
          "integrationScriptStepUuid": "acc4467d-0242-571f-b62c-f0a1e863e4db"
        },
        {
          "id": "29866c84-43df-4492-80d5-71c8696f16c2",
          "name": "Created by - Previous ",
          "description": "{previous.sys_created_by}",
          "position": 7,
          "integrationScriptStepUuid": "acc4467d-0242-571f-b62c-f0a1e863e4db"
        },
        {
          "id": "13a88440-635a-4e33-b271-bdcb1648aa67",
          "name": "Configuration item",
          "description": "",
          "position": 8,
          "integrationScriptStepUuid": "acc4467d-0242-571f-b62c-f0a1e863e4db"
        },
        {
          "id": "18d5afae-2c2c-484e-aa52-e358ac566d18",
          "name": "Configuration item - Previous ",
          "description": "{previous.cmdb_ci.display_value}",
          "position": 9,
          "integrationScriptStepUuid": "acc4467d-0242-571f-b62c-f0a1e863e4db"
        },
        {
          "id": "f7b306f3-6a8c-42f0-88bb-3fcb812d9e7d",
          "name": "Configuration item - Record ID",
          "description": "{current.cmdb_ci.sys_id}",
          "position": 10,
          "integrationScriptStepUuid": "acc4467d-0242-571f-b62c-f0a1e863e4db"
        },
        {
          "id": "d86e8c9f-d199-437c-b801-67b83f79f37e",
          "name": "Configuration item - Previous Record ID",
          "description": "{previous.cmdb_ci.sys_id}",
          "position": 11,
          "integrationScriptStepUuid": "acc4467d-0242-571f-b62c-f0a1e863e4db"
        },
        {
          "id": "a88bf958-7b74-40e5-9a21-1fa9434009b3",
          "name": "Impact",
          "description": "",
          "position": 12,
          "integrationScriptStepUuid": "acc4467d-0242-571f-b62c-f0a1e863e4db"
        },
        {
          "id": "f3de3221-8271-459d-ab48-4daa67adac7a",
          "name": "Impact - Previous ",
          "description": "{previous.impact}",
          "position": 13,
          "integrationScriptStepUuid": "acc4467d-0242-571f-b62c-f0a1e863e4db"
        },
        {
          "id": "601beb7a-3c0f-40f5-82e3-a43acae7f9bb",
          "name": "Priority",
          "description": "",
          "position": 14,
          "integrationScriptStepUuid": "acc4467d-0242-571f-b62c-f0a1e863e4db"
        },
        {
          "id": "537e54ad-6759-4775-ba72-cc7e17c4ca30",
          "name": "Priority - Previous ",
          "description": "{previous.priority}",
          "position": 15,
          "integrationScriptStepUuid": "acc4467d-0242-571f-b62c-f0a1e863e4db"
        },
        {
          "id": "a20535cc-5b1e-4479-85f7-8dd5de5fd7ab",
          "name": "Task type",
          "description": "",
          "position": 16,
          "integrationScriptStepUuid": "acc4467d-0242-571f-b62c-f0a1e863e4db"
        },
        {
          "id": "59b734a7-13e3-44b1-b2e8-1d68670ff2d9",
          "name": "Task type - Previous ",
          "description": "{previous.sys_class_name}",
          "position": 17,
          "integrationScriptStepUuid": "acc4467d-0242-571f-b62c-f0a1e863e4db"
        },
        {
          "id": "8a159110-43b0-4da4-bdd7-ee642947e980",
          "name": "Affected user",
          "description": "",
          "position": 18,
          "integrationScriptStepUuid": "acc4467d-0242-571f-b62c-f0a1e863e4db"
        },
        {
          "id": "ee5dafd1-e44d-41ee-86d3-2915ee86f306",
          "name": "Affected user - Previous ",
          "description": "{previous.affected_user.display_value}",
          "position": 19,
          "integrationScriptStepUuid": "acc4467d-0242-571f-b62c-f0a1e863e4db"
        },
        {
          "id": "70e4858b-3cc1-4c67-81fa-a2e2a18d4ed4",
          "name": "Affected user - Record ID",
          "description": "{current.affected_user.sys_id}",
          "position": 20,
          "integrationScriptStepUuid": "acc4467d-0242-571f-b62c-f0a1e863e4db"
        },
        {
          "id": "a4cc0077-7c77-425a-bc6d-9e4b5a34ce2a",
          "name": "Affected user - Previous Record ID",
          "description": "{previous.affected_user.sys_id}",
          "position": 21,
          "integrationScriptStepUuid": "acc4467d-0242-571f-b62c-f0a1e863e4db"
        },
        {
          "id": "cc6f09e7-aa1a-4c34-8bec-7095dc187940",
          "name": "Affected user - Username",
          "description": "{current.affected_user.username}",
          "position": 22,
          "integrationScriptStepUuid": "acc4467d-0242-571f-b62c-f0a1e863e4db"
        },
        {
          "id": "bd613ede-c2ed-4037-947c-fec52844949e",
          "name": "Affected user - Previous Username",
          "description": "{previous.affected_user.username}",
          "position": 23,
          "integrationScriptStepUuid": "acc4467d-0242-571f-b62c-f0a1e863e4db"
        },
        {
          "id": "be617155-f547-4ff5-8a2b-45e77f791e6d",
          "name": "Vendor reference",
          "description": "",
          "position": 24,
          "integrationScriptStepUuid": "acc4467d-0242-571f-b62c-f0a1e863e4db"
        },
        {
          "id": "fb715e5b-0b24-492e-be0e-63231cc29484",
          "name": "Vendor reference - Previous ",
          "description": "{previous.vendor_reference}",
          "position": 25,
          "integrationScriptStepUuid": "acc4467d-0242-571f-b62c-f0a1e863e4db"
        },
        {
          "id": "b6400eb4-5d9f-4a25-8a75-8bcb7419c808",
          "name": "MITRE ATT&CK Procedure (Tool)",
          "description": "",
          "position": 26,
          "integrationScriptStepUuid": "acc4467d-0242-571f-b62c-f0a1e863e4db"
        },
        {
          "id": "bc4396f2-9977-4221-abef-a03dc771eebb",
          "name": "MITRE ATT&CK Procedure (Tool) - Previous ",
          "description": "{previous.mitre_tool}",
          "position": 27,
          "integrationScriptStepUuid": "acc4467d-0242-571f-b62c-f0a1e863e4db"
        },
        {
          "id": "686f1eb4-6594-483a-8a8b-103681edb9ac",
          "name": "Asset",
          "description": "",
          "position": 28,
          "integrationScriptStepUuid": "acc4467d-0242-571f-b62c-f0a1e863e4db"
        },
        {
          "id": "cf68ee7b-9c4c-44da-b3c7-94a5e63ef638",
          "name": "Asset - Previous ",
          "description": "{previous.asset.display_value}",
          "position": 29,
          "integrationScriptStepUuid": "acc4467d-0242-571f-b62c-f0a1e863e4db"
        },
        {
          "id": "9bc4cd57-85fc-4baf-befa-d4c9a919158d",
          "name": "Asset - Record ID",
          "description": "{current.asset.sys_id}",
          "position": 30,
          "integrationScriptStepUuid": "acc4467d-0242-571f-b62c-f0a1e863e4db"
        },
        {
          "id": "2fea2fee-bd6e-448e-8d22-9fd6b2d85390",
          "name": "Asset - Previous Record ID",
          "description": "{previous.asset.sys_id}",
          "position": 31,
          "integrationScriptStepUuid": "acc4467d-0242-571f-b62c-f0a1e863e4db"
        },
        {
          "id": "83b9b7af-7beb-434c-8390-fa889f8de8da",
          "name": "Service",
          "description": "",
          "position": 32,
          "integrationScriptStepUuid": "acc4467d-0242-571f-b62c-f0a1e863e4db"
        },
        {
          "id": "4c4bc4af-0391-4c79-bef2-e79c1f1a902f",
          "name": "Service - Previous ",
          "description": "{previous.business_service.display_value}",
          "position": 33,
          "integrationScriptStepUuid": "acc4467d-0242-571f-b62c-f0a1e863e4db"
        },
        {
          "id": "da7c151e-7117-467d-b050-58f6e033eb8a",
          "name": "Service - Record ID",
          "description": "{current.business_service.sys_id}",
          "position": 34,
          "integrationScriptStepUuid": "acc4467d-0242-571f-b62c-f0a1e863e4db"
        },
        {
          "id": "b489a521-9d48-4994-96ef-e332ff297ecf",
          "name": "Service - Previous Record ID",
          "description": "{previous.business_service.sys_id}",
          "position": 35,
          "integrationScriptStepUuid": "acc4467d-0242-571f-b62c-f0a1e863e4db"
        },
        {
          "id": "bb0d6a02-f54b-49e1-8742-af7ff27540d9",
          "name": "Assignment group",
          "description": "",
          "position": 36,
          "integrationScriptStepUuid": "acc4467d-0242-571f-b62c-f0a1e863e4db"
        },
        {
          "id": "94d54541-0d69-4a51-9faf-248f2236062d",
          "name": "Assignment group - Previous ",
          "description": "{previous.assignment_group.display_value}",
          "position": 37,
          "integrationScriptStepUuid": "acc4467d-0242-571f-b62c-f0a1e863e4db"
        },
        {
          "id": "d3535763-5fed-42e1-8a90-f408255ffa04",
          "name": "Assignment group - Record ID",
          "description": "{current.assignment_group.sys_id}",
          "position": 38,
          "integrationScriptStepUuid": "acc4467d-0242-571f-b62c-f0a1e863e4db"
        },
        {
          "id": "65330f9c-456a-46c3-a43f-c82642f2fc2d",
          "name": "Assignment group - Previous Record ID",
          "description": "{previous.assignment_group.sys_id}",
          "position": 39,
          "integrationScriptStepUuid": "acc4467d-0242-571f-b62c-f0a1e863e4db"
        },
        {
          "id": "6270dc9f-f8fb-4d37-bcc7-3a1ccaa2ef1e",
          "name": "Opened by",
          "description": "",
          "position": 40,
          "integrationScriptStepUuid": "acc4467d-0242-571f-b62c-f0a1e863e4db"
        },
        {
          "id": "cfa59d9d-84c6-4d08-aaa8-1f114eb59436",
          "name": "Opened by - Previous ",
          "description": "{previous.opened_by.display_value}",
          "position": 41,
          "integrationScriptStepUuid": "acc4467d-0242-571f-b62c-f0a1e863e4db"
        },
        {
          "id": "1870d5d6-5e43-4327-8bd5-111c4eaa5e36",
          "name": "Opened by - Record ID",
          "description": "{current.opened_by.sys_id}",
          "position": 42,
          "integrationScriptStepUuid": "acc4467d-0242-571f-b62c-f0a1e863e4db"
        },
        {
          "id": "2039e84d-6187-4819-a125-f15b1020ea0e",
          "name": "Opened by - Previous Record ID",
          "description": "{previous.opened_by.sys_id}",
          "position": 43,
          "integrationScriptStepUuid": "acc4467d-0242-571f-b62c-f0a1e863e4db"
        },
        {
          "id": "4e4d2a35-59cc-4d85-9eef-6401846dd6df",
          "name": "Opened by - Username",
          "description": "{current.opened_by.username}",
          "position": 44,
          "integrationScriptStepUuid": "acc4467d-0242-571f-b62c-f0a1e863e4db"
        },
        {
          "id": "23b8bcb4-a50d-48cf-a004-d402465899ee",
          "name": "Opened by - Previous Username",
          "description": "{previous.opened_by.username}",
          "position": 45,
          "integrationScriptStepUuid": "acc4467d-0242-571f-b62c-f0a1e863e4db"
        },
        {
          "id": "08cbd530-a83e-4448-b1ec-3a30e9087b17",
          "name": "Description",
          "description": "",
          "position": 46,
          "integrationScriptStepUuid": "acc4467d-0242-571f-b62c-f0a1e863e4db"
        },
        {
          "id": "bf49e57b-d5d5-4853-9525-abcf75b289dd",
          "name": "Description - Previous ",
          "description": "{previous.description}",
          "position": 47,
          "integrationScriptStepUuid": "acc4467d-0242-571f-b62c-f0a1e863e4db"
        },
        {
          "id": "9b5fc85b-b2f0-4a33-a0b3-5eb2bed4354a",
          "name": "Incident",
          "description": "",
          "position": 48,
          "integrationScriptStepUuid": "acc4467d-0242-571f-b62c-f0a1e863e4db"
        },
        {
          "id": "63cb73f9-90bc-4ad4-8639-57dd28621838",
          "name": "Incident - Previous ",
          "description": "{previous.incident.display_value}",
          "position": 49,
          "integrationScriptStepUuid": "acc4467d-0242-571f-b62c-f0a1e863e4db"
        },
        {
          "id": "d5a3d2a8-4c48-45a2-adaf-30888c157ff3",
          "name": "Incident - Record ID",
          "description": "{current.incident.sys_id}",
          "position": 50,
          "integrationScriptStepUuid": "acc4467d-0242-571f-b62c-f0a1e863e4db"
        },
        {
          "id": "57771d83-4c24-452c-86db-caf4fb609852",
          "name": "Incident - Previous Record ID",
          "description": "{previous.incident.sys_id}",
          "position": 51,
          "integrationScriptStepUuid": "acc4467d-0242-571f-b62c-f0a1e863e4db"
        }
      ]
    },
    {
      "id": "863726f3-3fa1-4fed-8df4-0096be47a2ae",
      "endpoint": "ServiceNow",
      "label": "Update Record - Security Incident [sn_si_incident]",
      "environment": "HOSTED",
      "presentation": "{\"w\":100,\"x\":873,\"h\":50,\"y\":1199}",
      "step": "0d87f9c5-5a0f-57d7-adb6-c93c92a682b9",
      "stepType": "SCRIPT_STEP",
      "inputMappings": [
        {
          "inputPort": "input",
          "mapping": "{\"value\":\"sn_si_incident\",\"label\":\"Security Incident [sn_si_incident]\"}",
          "stepInput": "537ab014-f863-52df-989f-a3067dd90258"
        },
        {
          "inputPort": "input",
          "mapping": "[{\"dataOriginPointer\":{\"value\":\"work_notes\",\"label\":\"Work notes\",\"type\":\"journal_input\"},\"id\":\"54c05578-ed2a-41b9-90b8-863a9bb885cf\",\"name\":\"Work notes\",\"position\":0,\"failIfEmpty\":false,\"inputValue\":\"${78335df4-9a61-476e-8cae-e97d580ce5f9.respondedTo.by.firstName} ${78335df4-9a61-476e-8cae-e97d580ce5f9.respondedTo.by.lastName} has esclated the alert\"}]",
          "stepInput": "2ed32d0a-424b-51a5-ab1b-860d794ee379"
        },
        {
          "inputPort": "input",
          "mapping": "${cd55523c-f7f4-4e13-8ba9-17b0256c192f.Record ID}",
          "stepInput": "619d039f-b8f7-57d6-8fca-4ccdb6d53ea4"
        }
      ]
    },
    {
      "id": "748c1ac3-5dfc-41e2-9fd3-4e0eae0f160e",
      "endpoint": "ServiceNow",
      "label": "Update Record - Security Incident [sn_si_incident]",
      "environment": "HOSTED",
      "presentation": "{\"w\":100,\"x\":881,\"h\":50,\"y\":1031}",
      "step": "0d87f9c5-5a0f-57d7-adb6-c93c92a682b9",
      "stepType": "SCRIPT_STEP",
      "inputMappings": [
        {
          "inputPort": "input",
          "mapping": "{\"value\":\"sn_si_incident\",\"label\":\"Security Incident [sn_si_incident]\"}",
          "stepInput": "537ab014-f863-52df-989f-a3067dd90258"
        },
        {
          "inputPort": "input",
          "mapping": "[{\"dataOriginPointer\":{\"value\":\"work_notes\",\"label\":\"Work notes\",\"type\":\"journal_input\"},\"id\":\"7f7d07c1-c74b-4e5c-ae07-8443a13ca1a2\",\"name\":\"Work notes\",\"position\":0,\"failIfEmpty\":false,\"inputValue\":\"${78335df4-9a61-476e-8cae-e97d580ce5f9.respondedTo.by.firstName} ${78335df4-9a61-476e-8cae-e97d580ce5f9.respondedTo.by.targetName} (${78335df4-9a61-476e-8cae-e97d580ce5f9.respondedTo.by.targetName}) responded: ${78335df4-9a61-476e-8cae-e97d580ce5f9.response.response}\"},{\"dataOriginPointer\":{\"value\":\"state\",\"label\":\"State\",\"type\":\"choice\"},\"id\":\"c2dab54a-cb84-481c-b67c-5301be613494\",\"name\":\"State\",\"position\":1,\"failIfEmpty\":false,\"inputValue\":\"Analysis\"}]",
          "stepInput": "2ed32d0a-424b-51a5-ab1b-860d794ee379"
        },
        {
          "inputPort": "input",
          "mapping": "${cd55523c-f7f4-4e13-8ba9-17b0256c192f.Record ID}",
          "stepInput": "619d039f-b8f7-57d6-8fca-4ccdb6d53ea4"
        }
      ]
    },
    {
      "id": "c4a9dbff-eb4c-4ec5-a9a1-0a7ce9d2f2a9",
      "endpoint": "ServiceNow",
      "label": "Update Security Incident [sn_si_incident]",
      "environment": "HOSTED",
      "presentation": "{\"w\":100,\"x\":848,\"h\":50,\"y\":-79}",
      "step": "0d87f9c5-5a0f-57d7-adb6-c93c92a682b9",
      "stepType": "SCRIPT_STEP",
      "inputMappings": [
        {
          "inputPort": "input",
          "mapping": "{\"value\":\"sn_si_incident\",\"label\":\"Security Incident [sn_si_incident]\"}",
          "stepInput": "537ab014-f863-52df-989f-a3067dd90258"
        },
        {
          "inputPort": "input",
          "mapping": "[{\"dataOriginPointer\":{\"value\":\"work_notes\",\"label\":\"Work notes\",\"type\":\"journal_input\"},\"id\":\"54c05578-ed2a-41b9-90b8-863a9bb885cf\",\"name\":\"Work notes\",\"position\":0,\"failIfEmpty\":false,\"inputValue\":\"${65e1702f-3f13-47c7-9dee-236e176fe6fe.respondedTo.by.firstName} ${65e1702f-3f13-47c7-9dee-236e176fe6fe.respondedTo.by.lastName} has esclated the alert\"}]",
          "stepInput": "2ed32d0a-424b-51a5-ab1b-860d794ee379"
        },
        {
          "inputPort": "input",
          "mapping": "${cd55523c-f7f4-4e13-8ba9-17b0256c192f.Record ID}",
          "stepInput": "619d039f-b8f7-57d6-8fca-4ccdb6d53ea4"
        }
      ]
    },
    {
      "id": "63e0c7dd-97e9-40e2-89c5-640a7d35f73c",
      "endpoint": "ServiceNow",
      "label": "Update Security Incident [sn_si_incident]",
      "environment": "HOSTED",
      "presentation": "{\"w\":100,\"x\":859,\"h\":50,\"y\":-246}",
      "step": "0d87f9c5-5a0f-57d7-adb6-c93c92a682b9",
      "stepType": "SCRIPT_STEP",
      "inputMappings": [
        {
          "inputPort": "input",
          "mapping": "{\"value\":\"sn_si_incident\",\"label\":\"Security Incident [sn_si_incident]\"}",
          "stepInput": "537ab014-f863-52df-989f-a3067dd90258"
        },
        {
          "inputPort": "input",
          "mapping": "[{\"dataOriginPointer\":{\"value\":\"work_notes\",\"label\":\"Work notes\",\"type\":\"journal_input\"},\"id\":\"7f7d07c1-c74b-4e5c-ae07-8443a13ca1a2\",\"name\":\"Work notes\",\"position\":0,\"failIfEmpty\":false,\"inputValue\":\"${65e1702f-3f13-47c7-9dee-236e176fe6fe.respondedTo.by.firstName} ${65e1702f-3f13-47c7-9dee-236e176fe6fe.respondedTo.by.targetName} (${65e1702f-3f13-47c7-9dee-236e176fe6fe.respondedTo.by.targetName}) responded: ${65e1702f-3f13-47c7-9dee-236e176fe6fe.response.response}\"}]",
          "stepInput": "2ed32d0a-424b-51a5-ab1b-860d794ee379"
        },
        {
          "inputPort": "input",
          "mapping": "${cd55523c-f7f4-4e13-8ba9-17b0256c192f.Record ID}",
          "stepInput": "619d039f-b8f7-57d6-8fca-4ccdb6d53ea4"
        }
      ]
    }
  ],
  "edges": [
    {
      "fromBlock": "91305e12-d894-4fda-adac-562b7cbd1ee6",
      "fromPort": "output",
      "toBlock": "c4a9dbff-eb4c-4ec5-a9a1-0a7ce9d2f2a9",
      "toPort": "input"
    },
    {
      "fromBlock": "9404f746-f970-4f38-bd48-717a3cc92f8b",
      "fromPort": "2f7018b3-b967-4387-b396-bdd9a12726fc",
      "toBlock": "c92c1247-bab5-4e80-bb9a-2541a7da0df8",
      "toPort": "input"
    },
    {
      "fromBlock": "9404f746-f970-4f38-bd48-717a3cc92f8b",
      "fromPort": "02a60979-bf4a-4493-be4e-b898650f8cc2",
      "toBlock": "65e1702f-3f13-47c7-9dee-236e176fe6fe",
      "toPort": "input"
    },
    {
      "fromBlock": "99391acc-eff9-409c-a29e-186ff670ce24",
      "fromPort": "output",
      "toBlock": "eb3bd946-ac65-442c-970d-a9438333df99",
      "toPort": "input"
    },
    {
      "fromBlock": "a6050298-f183-4bed-9b21-9f59bde94521",
      "fromPort": "output",
      "toBlock": "0c276497-4864-4cf7-b8ca-36bbfeb75b08",
      "toPort": "input"
    },
    {
      "fromBlock": "c92c1247-bab5-4e80-bb9a-2541a7da0df8",
      "fromPort": "804199a1-3b8a-4077-865c-7866ca51eadd",
      "toBlock": "78335df4-9a61-476e-8cae-e97d580ce5f9",
      "toPort": "input"
    },
    {
      "fromBlock": "cd55523c-f7f4-4e13-8ba9-17b0256c192f",
      "fromPort": "output",
      "toBlock": "9404f746-f970-4f38-bd48-717a3cc92f8b",
      "toPort": "input"
    },
    {
      "fromBlock": "d54677c0-2f65-4f20-b111-5bb062897d38",
      "fromPort": "output",
      "toBlock": "863726f3-3fa1-4fed-8df4-0096be47a2ae",
      "toPort": "input"
    },
    {
      "fromBlock": "12213e66-00ad-4e74-95c2-66d70bb59b76",
      "fromPort": "output",
      "toBlock": "6dc54533-e300-476a-80c2-b043b98a7c5a",
      "toPort": "input"
    },
    {
      "fromBlock": "1989d3d3-0fcb-4df2-bd1c-4e43ad98a63b",
      "fromPort": "output",
      "toBlock": "63e0c7dd-97e9-40e2-89c5-640a7d35f73c",
      "toPort": "input"
    },
    {
      "fromBlock": "1fcf5a29-4fd2-4f5f-bd1f-b5d741157d35",
      "fromPort": "output",
      "toBlock": "748c1ac3-5dfc-41e2-9fd3-4e0eae0f160e",
      "toPort": "input"
    },
    {
      "fromBlock": "5550eb40-3460-411e-822b-3f43cc269228",
      "fromPort": "output",
      "toBlock": "d6037fa0-113f-4050-8cb3-bea8de949b07",
      "toPort": "input"
    }
  ]
}