{
  "name": "SIR Engage with xMatters",
  "form": "dccb1fb4-6d29-4c60-a8ed-cb837af2d2fa",
  "blocks": [
    {
      "id": "73525b8a-1893-418f-894c-a4b510d425a8",
      "endpoint": "ServiceNow",
      "label": "ServiceNow Action Security Incident [sn_si_incident] - 13b66ec8-3638-4f7e-8385-cc590284d279",
      "environment": "HOSTED",
      "presentation": "{\"w\":60,\"x\":-893,\"h\":60,\"y\":814}",
      "step": "13b66ec8-3638-4f7e-8385-cc590284d279",
      "stepType": "INTEGRATION",
      "inputMappings": [
        {
          "inputPort": "input",
          "mapping": "{\"value\":\"sn_si_incident\",\"label\":\"Security Incident [sn_si_incident]\"}",
          "stepInput": "8e795285-7ea2-5292-8014-2ed94a9beb84"
        },
        {
          "inputPort": "input",
          "mapping": "[{\"dataOriginPointer\":{\"value\":\"number\",\"label\":\"Number\",\"atDepth\":[\"primaryRecord\",\"number\"],\"type\":\"string\"},\"id\":\"3fae6877-d95f-4d20-b8f6-243b49216b13\",\"name\":\"Number\",\"description\":\"\",\"isShadowOf\":\"\",\"groupIndex\":0,\"position\":0},{\"dataOriginPointer\":{\"value\":\"short_description\",\"label\":\"Short description\",\"atDepth\":[\"primaryRecord\",\"short_description\"],\"type\":\"string\"},\"id\":\"2f3cb974-226d-4e39-befa-529716ca1237\",\"name\":\"Short description\",\"description\":\"\",\"isShadowOf\":\"\",\"groupIndex\":1,\"position\":1},{\"dataOriginPointer\":{\"value\":\"priority\",\"label\":\"Priority\",\"atDepth\":[\"primaryRecord\",\"priority\"],\"type\":\"choice\"},\"id\":\"d48f6360-9161-4094-9fee-a8960ff90993\",\"name\":\"Priority\",\"description\":\"\",\"isShadowOf\":\"\",\"groupIndex\":2,\"position\":2},{\"dataOriginPointer\":{\"value\":\"state\",\"label\":\"State\",\"atDepth\":[\"primaryRecord\",\"state\"],\"type\":\"choice\"},\"id\":\"c5aa3876-4ab2-4dbf-9929-5495f402d206\",\"name\":\"State\",\"description\":\"\",\"isShadowOf\":\"\",\"groupIndex\":3,\"position\":3},{\"dataOriginPointer\":{\"value\":\"sys_updated_by\",\"label\":\"Updated by\",\"atDepth\":[\"primaryRecord\",\"sys_updated_by\"],\"type\":\"string\"},\"id\":\"9de9f17f-9586-457f-8e76-54077cf7ba3a\",\"name\":\"Updated by\",\"description\":\"\",\"isShadowOf\":\"\",\"groupIndex\":4,\"position\":4}]",
          "stepInput": "66eba304-6f4b-5a03-9cbb-5f372f0227b6"
        }
      ],
      "dynamicOutputs": [
        {
          "id": "dbc27dfb-c9cc-49f0-a938-62157ab9f65d",
          "name": "Number",
          "description": "",
          "position": 0,
          "integrationScriptStepUuid": "200aeb51-c5e6-5e7a-94f5-8875bdd73112"
        },
        {
          "id": "d5721c0f-8776-4e13-9024-ba39e7338abd",
          "name": "Short description",
          "description": "",
          "position": 1,
          "integrationScriptStepUuid": "200aeb51-c5e6-5e7a-94f5-8875bdd73112"
        },
        {
          "id": "6212c200-9bd6-4a05-a05d-fc690b17015a",
          "name": "Priority",
          "description": "",
          "position": 2,
          "integrationScriptStepUuid": "200aeb51-c5e6-5e7a-94f5-8875bdd73112"
        },
        {
          "id": "7aaacd27-f018-4a93-b25a-cac7c60d8dea",
          "name": "State",
          "description": "",
          "position": 3,
          "integrationScriptStepUuid": "200aeb51-c5e6-5e7a-94f5-8875bdd73112"
        },
        {
          "id": "77b0e995-c1e2-4b6f-86c6-ea8693a54bd6",
          "name": "Updated by",
          "description": "",
          "position": 4,
          "integrationScriptStepUuid": "200aeb51-c5e6-5e7a-94f5-8875bdd73112"
        }
      ]
    }
  ]
}